mp,b,l,dim,F_dur(us),B_dur(us)
1,2,1024,5632,75.8266,98.783
1,2,1536,3072,62.521,81.1068
1,2,1536,7168,142.4628,185.913
1,2,2048,4608,122.8214,159.7366
1,2,2560,2048,69.1324,90.041
1,2,2560,6144,202.6864,264.6444
1,2,3072,3584,142.591,186.0274
1,2,3072,7680,302.7564,396.093
1,2,3584,5120,236.5682,308.5226
1,2,4096,2560,135.935,177.5094
1,2,4096,6656,349.5206,457.161
1,2,4608,4096,242.763,317.3164
1,2,4608,8192,482.9982,632.085
1,2,5120,5632,369.38,483.6258
1,4,1024,3072,82.668,107.4298
1,4,1024,7168,189.4002,247.1852
1,4,1536,4608,182.821,238.2956
1,4,2048,2048,109.2536,142.1622
1,4,2048,6144,322.7754,422.3654
1,4,2560,3584,236.1008,308.599
1,4,2560,7680,502.9212,658.3064
1,4,3072,5120,402.7298,527.1576
1,4,3584,2560,236.043,308.6124
1,4,3584,6656,609.6724,798.4134
1,4,4096,4096,429.29,562.0376
1,4,4096,8192,856.3972,1121.6816
1,4,4608,5632,663.1312,868.3068
1,4,5120,3072,402.7874,527.164
1,4,5120,7168,936.4154,1226.1158
1,8,1024,4608,242.7564,317.3412
1,8,1536,2048,162.5654,212.511
1,8,1536,6144,483.0046,632.0466
1,8,2048,3584,376.2022,492.2014
1,8,2048,7680,803.4818,1052.1392
1,8,2560,5120,669.8512,877.2478
1,8,3072,2560,402.8002,527.1772
1,8,3072,6656,1043.103,1366.1916
1,8,3584,4096,749.6646,981.727
1,8,3584,8192,1497.2316,1960.4656
1,8,4096,5632,1177.2716,1540.565
1,8,4608,3072,722.9456,947.0074
1,8,4608,7168,1683.713,2206.2634
1,8,5120,4608,1203.4286,1575.9126
2,2,1024,2048,13.7022,19.8012
2,2,1024,6144,42.4704,54.8732
2,2,1536,3584,37.3246,48.128
2,2,1536,7680,77.5354,100.9338
2,2,2048,5120,69.1064,89.9574
2,2,2560,2560,44.0314,56.8
2,2,2560,6656,110.8024,144.3706
2,2,3072,4096,82.5788,107.3148
2,2,3072,8192,162.6932,212.3884
2,2,3584,5632,130.9942,170.6674
2,2,4096,3072,82.5274,107.2886
2,2,4096,7168,189.4128,247.0382
2,2,4608,4608,137.5222,179.5888
2,2,5120,2048,69.1514,89.9894
2,2,5120,6144,202.6802,264.9708
2,4,1024,3584,49.0236,63.539
2,4,1024,7680,102.5532,133.4134
2,4,1536,5120,102.5912,133.471
2,4,2048,2560,69.2088,90.0216
2,4,2048,6656,176.0948,229.7326
2,4,2560,4096,135.8902,177.5604
2,4,2560,8192,269.406,352.1324
2,4,3072,5632,222.7698,291.1532
2,4,3584,3072,142.5656,186.175
2,4,3584,7168,329.3416,431.0554
2,4,4096,4608,242.7568,317.2842
2,4,4608,2048,122.7578,159.9158
2,4,4608,6144,362.7688,474.774
2,4,5120,3584,236.0432,308.5604
2,4,5120,7680,502.8064,658.178
2,8,1024,5120,136.0824,177.0166
2,8,1536,2560,102.5786,133.4646
2,8,1536,6656,262.5518,343.2168
2,8,2048,4096,215.909,282.309
2,8,2048,8192,429.5522,561.9228
2,8,2560,5632,369.6036,483.4076
2,8,3072,3072,242.8782,317.329
2,8,3072,7168,562.876,736.9354
2,8,3584,4608,422.7874,553.2956
2,8,4096,2048,216.0434,282.3088
2,8,4096,6144,642.8496,841.933
2,8,4608,3584,422.9218,553.4232
2,8,4608,7680,903.1486,1182.6218
2,8,5120,5120,670.191,877.5748
4,2,1024,2560,8.8192,13.344
4,2,1024,6656,23.2,30.6552
4,2,1536,4096,21.363,28.576
4,2,1536,8192,42.4186,54.6816
4,2,2048,5632,39.0458,50.316
4,2,2560,3072,26.8478,35.0656
4,2,2560,7168,60.729,79.0588
4,2,3072,4608,47.4748,61.3692
4,2,3584,2048,25.126,32.9472
4,2,3584,6144,72.4988,94.2262
4,2,4096,3584,49.126,63.4302
4,2,4096,7680,102.604,133.4646
4,2,4608,5120,77.5418,100.8374
4,2,5120,2560,43.9932,56.7734
4,2,5120,6656,110.8984,144.447
4,4,1024,4096,28.6656,37.2094
4,4,1024,8192,56.0382,72.5884
4,4,1536,5632,57.4908,74.4058
4,4,2048,3072,42.425,54.7456
4,4,2048,7168,96.0314,124.8762
4,4,2560,4608,77.4908,100.9336
4,4,3072,2048,42.438,54.803
4,4,3072,6144,122.8086,159.7938
4,4,3584,3584,84.1722,109.548
4,4,3584,7680,177.7654,231.8188
4,4,4096,5120,135.7238,177.4956
4,4,4608,2560,77.5036,100.921
4,4,4608,6656,197.7778,258.0204
4,4,5120,4096,135.935,177.5606
4,4,5120,8192,269.547,352.1638
4,8,1024,5632,75.6856,98.7832
4,8,1536,3072,62.5084,81.2854
4,8,1536,7168,142.802,186.1366
4,8,2048,4608,122.7126,159.5574
4,8,2560,2048,69.1384,89.9512
4,8,2560,6144,202.674,264.51
4,8,3072,3584,142.5656,186.0144
4,8,3072,7680,302.7306,396.0486
4,8,3584,5120,236.1004,308.5352
4,8,4096,2560,135.8006,177.432
4,8,4096,6656,349.5078,457.1036
4,8,4608,4096,242.6606,317.2392
4,8,4608,8192,482.8954,632.0662
4,8,5120,5632,369.437,483.3118
8,2,1024,3072,5.9708,7.4752
8,2,1024,7168,11.9872,17.6126
8,2,1536,4608,11.6926,16.9854
8,2,2048,2048,7.4236,10.2592
8,2,2048,6144,21.3888,28.5824
8,2,2560,3584,15.072,21.4976
8,2,2560,7680,33.3692,43.2124
8,2,3072,5120,27.0526,35.1288
8,2,3584,2560,15.0716,21.4784
8,2,3584,6656,40.2238,51.9544
8,2,4096,4096,28.8954,37.2028
8,2,4096,8192,55.8908,72.5438
8,2,4608,5632,43.5964,56.3066
8,2,5120,3072,26.867,35.04
8,2,5120,7168,60.857,78.7706
8,4,1024,4608,15.552,22.048
8,4,1536,2048,10.355,15.5264
8,4,1536,6144,32.243,41.5616
8,4,2048,3584,25.0044,32.8828
8,4,2048,7680,52.5118,67.8464
8,4,2560,5120,44.1722,56.8574
8,4,3072,2560,26.9248,35.1292
8,4,3072,6656,67.5514,87.7494
8,4,3584,4096,49.1262,63.468
8,4,3584,8192,95.8586,124.7926
8,4,4096,5632,75.6346,98.6302
8,4,4608,3072,47.4684,61.1388
8,4,4608,7168,107.6216,140.0182
8,4,5120,4608,77.6056,100.8698
8,8,1024,2048,13.7214,19.7952
8,8,1024,6144,42.4318,54.7772
8,8,1536,3584,37.3888,48.3008
8,8,1536,7680,77.5226,100.9018
8,8,2048,5120,69.2026,90.0406
8,8,2560,2560,44.1598,56.8508
8,8,2560,6656,110.9112,144.4726
8,8,3072,4096,82.5402,107.3718
8,8,3072,8192,162.4822,212.3632
8,8,3584,5632,131.199,170.6934
8,8,4096,3072,82.5786,107.3654
8,8,4096,7168,189.3234,247.1278
8,8,4608,4608,137.4966,179.7428
8,8,5120,2048,69.3174,90.015
8,8,5120,6144,202.6738,264.6252
16,2,1024,3584,4.128,4.8956
16,2,1024,7680,7.0912,9.5744
16,2,1536,5120,7.0654,9.6
16,2,2048,2560,5.2416,6.3742
16,2,2048,6656,11.2256,16.4862
16,2,2560,4096,8.8384,13.2992
16,2,2560,8192,17.5104,24.102
16,2,3072,5632,14.112,20.4092
16,2,3584,3072,9.2606,14.0228
16,2,3584,7168,21.8496,29.1134
16,2,4096,4608,15.5968,21.9904
16,2,4608,2048,8.1342,11.9872
16,2,4608,6144,24.2494,31.8012
16,2,5120,3584,15.0656,21.5424
16,2,5120,7680,33.4202,43.411
16,4,1024,5120,8.8512,13.312
16,4,1536,2560,7.0466,9.5424
16,4,1536,6656,17.0686,23.6348
16,4,2048,4096,13.651,19.7504
16,4,2048,8192,28.6976,37.2218
16,4,2560,5632,24.544,32.4152
16,4,3072,3072,15.507,21.9584
16,4,3072,7168,37.3184,48.2748
16,4,3584,4608,28.2302,36.6458
16,4,4096,2048,13.702,19.7952
16,4,4096,6144,42.4126,54.6812
16,4,4608,3584,28.1726,36.6014
16,4,4608,7680,58.7964,75.903
16,4,5120,5120,44.038,56.7928
16,8,1024,2560,8.8128,13.2732
16,8,1024,6656,23.1486,30.771
16,8,1536,4096,21.4652,28.512
16,8,1536,8192,42.3678,54.7452
16,8,2048,5632,39.0974,50.297
16,8,2560,3072,26.7966,34.9948
16,8,2560,7168,60.7228,78.694
16,8,3072,4608,47.4752,61.2474
16,8,3584,2048,25.0368,32.9276
16,8,3584,6144,72.5048,94.2656
16,8,4096,3584,49.1452,63.6608
16,8,4096,7680,102.5212,133.4134
16,8,4608,5120,77.676,100.8438
16,8,5120,2560,44.0188,56.8316
16,8,5120,6656,110.8086,144.3574
1,2,1024,2048,28.7294,37.2668
1,2,1024,6144,82.444,107.2886
1,2,1536,3584,72.3582,94.2906
1,2,1536,7680,152.5816,199.2182
1,2,2048,5120,135.9864,177.2474
1,2,2560,2560,85.7662,111.718
1,2,2560,6656,219.3078,286.501
1,2,3072,4096,162.508,212.4406
1,2,3072,8192,322.7628,422.3208
1,2,3584,5632,259.352,338.8524
1,2,4096,3072,162.4246,212.3952
1,2,4096,7168,376.094,492.3748
1,2,4608,4608,272.6892,356.3884
1,2,5120,2048,135.7562,177.2342
1,2,5120,6144,402.8012,527.1714
1,4,1024,3584,95.7626,124.7032
1,4,1024,7680,202.5846,264.4082
1,4,1536,5120,202.6294,264.5174
1,4,2048,2560,135.7432,177.407
1,4,2048,6656,349.2526,457.1946
1,4,2560,4096,269.4576,352.1196
1,4,2560,8192,536.2466,702.0696
1,4,3072,5632,442.8202,579.7152
1,4,3584,3072,282.6026,369.31
1,4,3584,7168,656.163,858.907
1,4,4096,4608,483.0308,632.0222
1,4,4608,2048,242.5972,317.0932
1,4,4608,6144,722.876,946.7084
1,4,5120,3584,469.6038,614.5634
1,4,5120,7680,1003.3162,1314.6234
1,8,1024,5120,269.3486,351.998
1,8,1536,2560,202.6164,264.594
1,8,1536,6656,522.909,684.5148
1,8,2048,4096,429.5658,562.0196
1,8,2048,8192,856.6542,1121.6
1,8,2560,5632,736.3412,964.2438
1,8,3072,3072,482.7816,631.9902
1,8,3072,7168,1123.392,1472.0044
1,8,3584,4608,843.726,1104.4292
1,8,4096,2048,429.4442,562.3842
1,8,4096,6144,1283.5772,1681.4182
1,8,4608,3584,843.1504,1104.0708
1,8,4608,7680,903.1118,1183.347
1,8,5120,5120,1336.7602,1751.5872
2,2,1024,2560,17.6128,24.1214
2,2,1024,6656,45.5934,59.4496
2,2,1536,4096,42.4254,54.7068
2,2,1536,8192,82.4956,107.3592
2,2,2048,5632,75.6794,98.6358
2,2,2560,3072,52.4288,67.987
2,2,2560,7168,119.628,155.743
2,2,3072,4608,92.5304,120.3448
2,2,3584,2048,49.1132,63.4428
2,2,3584,6144,142.521,186.2006
2,2,4096,3584,95.9356,124.7162
2,2,4096,7680,202.5396,264.728
2,2,4608,5120,152.5688,199.231
2,2,5120,2560,85.7786,111.6668
2,2,5120,6656,219.3332,286.8006
2,4,1024,4096,55.974,72.5498
2,4,1024,8192,109.2794,142.239
2,4,1536,5632,112.5882,146.6104
2,4,2048,3072,82.6044,107.4548
2,4,2048,7168,189.3814,247.1218
2,4,2560,4608,152.4216,199.1158
2,4,3072,2048,82.6108,107.3336
2,4,3072,6144,242.7446,317.0996
2,4,3584,3584,166.1432,216.4532
2,4,3584,7680,352.83,461.4826
2,4,4096,5120,269.4258,352.0364
2,4,4608,2560,152.6262,199.2246
2,4,4608,6656,392.8298,514.109
2,4,5120,4096,269.3038,352.0872
2,4,5120,8192,536.2336,702.2808
2,8,1024,5632,149.2664,194.9302
2,8,1536,3072,122.5914,159.7752
2,8,1536,7168,282.8594,369.3676
2,8,2048,4608,242.7312,317.0996
2,8,2560,2048,135.769,177.5226
2,8,2560,6144,402.7372,527.3122
2,8,3072,3584,282.8336,369.5844
2,8,3072,7680,603.0366,789.8066
2,8,3584,5120,469.3672,614.6206
2,8,4096,2560,269.4254,352.126
2,8,4096,6656,696.2522,911.9376
2,8,4608,4096,482.852,631.9586
2,8,4608,8192,963.4442,1262.3032
2,8,5120,5632,736.4056,964.3914
4,2,1024,3072,10.3936,15.4044
4,2,1024,7168,25.0368,33.0172
4,2,1536,4608,24.147,31.7504
4,2,2048,2048,13.6704,19.7248
4,2,2048,6144,42.3548,54.7264
4,2,2560,3584,31.443,40.4988
4,2,2560,7680,64.9596,84.3702
4,2,3072,5120,52.5694,67.8976
4,2,3584,2560,31.4176,40.4668
4,2,3584,6656,78.3162,101.8302
4,2,4096,4096,55.5646,71.9422
4,2,4096,8192,109.2282,142.1238
4,2,4608,5632,85.0554,110.5402
4,2,5120,3072,52.3772,67.699
4,2,5120,7168,119.1738,155.2762
4,4,1024,4608,32.0766,41.6128
4,4,1536,2048,21.3438,28.6014
4,4,1536,6144,62.4316,81.1826
4,4,2048,3584,48.947,63.5582
4,4,2048,7680,102.566,133.4902
4,4,2560,5120,85.8876,111.5902
4,4,3072,2560,52.454,67.712
4,4,3072,6656,132.5502,172.6198
4,4,3584,4096,95.7946,124.7544
4,4,3584,8192,189.279,247.0258
4,4,4096,5632,149.1256,194.8722
4,4,4608,3072,92.5308,120.3256
4,4,4608,7168,212.735,277.6308
4,4,5120,4608,152.6006,199.2246
4,8,1024,2048,28.7166,37.2924
4,8,1024,6144,82.5212,107.3018
4,8,1536,3584,72.4216,94.1818
4,8,1536,7680,152.5304,199.1284
4,8,2048,5120,135.7048,177.4842
4,8,2560,2560,85.753,111.6858
4,8,2560,6656,219.1668,286.4244
4,8,3072,4096,162.5846,212.3442
4,8,3072,8192,322.8976,422.2566
4,8,3584,5632,259.3268,338.814
4,8,4096,3072,162.3798,212.3382
4,8,4096,7168,376.1578,492.3302
4,8,4608,4608,272.645,356.1964
4,8,5120,2048,135.7942,177.4518
4,8,5120,6144,402.7052,527.1074
8,2,1024,3584,6.6688,8.6912
8,2,1024,7680,12.8896,18.6368
8,2,1536,5120,12.883,18.7584
8,2,2048,2560,8.8512,13.3696
8,2,2048,6656,23.2254,30.7648
8,2,2560,4096,17.6192,24.2302
8,2,2560,8192,35.6284,46.0224
8,2,3072,5632,29.6316,38.3296
8,2,3584,3072,18.5408,25.222
8,2,3584,7168,43.1934,55.7118
8,2,4096,4608,32.1598,41.6638
8,2,4608,2048,15.5776,21.9008
8,2,4608,6144,47.3984,61.4906
8,2,5120,3584,31.411,40.544
8,2,5120,7680,65.0686,84.467
8,4,1024,5120,17.6382,24.2684
8,4,1536,2560,12.896,18.7132
8,4,1536,6656,34.8734,44.9792
8,4,2048,4096,28.6908,37.3248
8,4,2048,8192,55.6282,72.1086
8,4,2560,5632,48.2368,62.4768
8,4,3072,3072,32.3196,41.6256
8,4,3072,7168,72.409,94.182
8,4,3584,4608,54.9182,71.1418
8,4,4096,2048,28.6336,37.2352
8,4,4096,6144,82.4446,107.3086
8,4,4608,3584,54.848,71.3466
8,4,4608,7680,114.9756,149.7658
8,4,5120,5120,85.939,111.654
8,8,1024,2560,17.6444,24.1086
8,8,1024,6656,45.632,59.5004
8,8,1536,4096,42.4832,55.0974
8,8,1536,8192,82.495,107.3856
8,8,2048,5632,76.0252,98.7708
8,8,2560,3072,52.4606,67.801
8,8,2560,7168,119.6282,155.9286
8,8,3072,4608,92.614,120.3768
8,8,3584,2048,49.0302,63.4488
8,8,3584,6144,142.6552,186.2902
8,8,4096,3584,95.8972,124.7356
8,8,4096,7680,202.9174,265.1632
8,8,4608,5120,152.639,199.2498
8,8,5120,2560,85.8042,111.7242
8,8,5120,6656,219.2884,286.5776
16,2,1024,4096,4.4352,5.3632
16,2,1024,8192,7.4048,10.3168
16,2,1536,5632,7.6094,10.7904
16,2,2048,3072,5.9712,7.5454
16,2,2048,7168,12.0256,17.472
16,2,2560,4608,9.888,14.784
16,2,3072,2048,5.9904,7.462
16,2,3072,6144,15.5968,21.9456
16,2,3584,3584,10.6048,15.7756
16,2,3584,7680,23.488,31.1356
16,2,4096,5120,17.619,24.1984
16,2,4608,2560,9.888,14.7776
16,2,4608,6656,26.4124,34.726
16,2,5120,4096,17.6254,24.1854
16,2,5120,8192,35.6544,46.3296
16,4,1024,5632,9.6382,14.4064
16,4,1536,3072,8.1472,11.9552
16,4,1536,7168,18.5278,25.2412
16,4,2048,4608,15.5584,21.9712
16,4,2560,2048,8.8636,13.4208
16,4,2560,6144,26.8158,35.174
16,4,3072,3584,18.5724,25.2416
16,4,3072,7680,40.0384,51.4106
16,4,3584,5120,31.4238,40.4988
16,4,4096,2560,17.651,24.128
16,4,4096,6656,45.6444,59.4426
16,4,4608,4096,32.0954,41.6448
16,4,4608,8192,62.4894,81.0748
16,4,5120,5632,48.32,62.336
16,8,1024,3072,10.3872,15.3856
16,8,1024,7168,25.12,32.9152
16,8,1536,4608,24.192,31.6864
16,8,2048,2048,13.6704,19.7504
16,8,2048,6144,42.2908,54.7904
16,8,2560,3584,31.4174,40.4478
16,8,2560,7680,65.0748,84.5818
16,8,3072,5120,52.4608,67.8518
16,8,3584,2560,31.3728,40.5952
16,8,3584,6656,78.425,101.9898
16,8,4096,4096,56.1274,72.607
16,8,4096,8192,109.2922,142.2908
16,8,4608,5632,85.1576,110.6236
16,8,5120,3072,52.4988,67.955
16,8,5120,7168,119.532,155.8774
1,2,1024,2560,35.718,45.958
1,2,1024,6656,89.1452,115.967
1,2,1536,4096,82.393,107.385
1,2,1536,8192,162.578,212.171
1,2,2048,5632,149.0548,194.7956
1,2,2560,3072,102.431,133.4518
1,2,2560,7168,235.8196,308.4648
1,2,3072,4608,182.5586,238.283
1,2,3584,2048,95.8906,124.7734
1,2,3584,6144,282.5388,369.6748
1,2,4096,3584,189.3938,247.0444
1,2,4096,7680,402.9026,527.2152
1,2,4608,5120,302.6346,396.0354
1,2,5120,2560,169.1574,220.8432
1,2,5120,6656,436.035,570.7472
1,4,1024,4096,109.1578,142.1562
1,4,1024,8192,215.8444,282.0076
1,4,1536,5632,222.4754,290.9612
1,4,2048,3072,162.5206,212.1966
1,4,2048,7168,375.9588,492.2012
1,4,2560,4608,302.5832,396.0994
1,4,3072,2048,162.5462,212.197
1,4,3072,6144,482.8704,631.8802
1,4,3584,3584,329.521,431.0946
1,4,3584,7680,703.2462,921.0042
1,4,4096,5120,536.1372,702.0942
1,4,4608,2560,302.6088,395.8242
1,4,4608,6656,782.9446,1025.6186
1,4,5120,4096,536.1496,702.1454
1,4,5120,8192,1069.8674,1401.4108
1,8,1024,5632,296.1516,387.4726
1,8,1536,3072,242.6484,317.3228
1,8,1536,7168,563.1258,737.2172
1,8,2048,4608,483.056,632.2518
1,8,2560,2048,269.47,352.2404
1,8,2560,6144,803.4502,1052.2102
1,8,3072,3584,563.2408,737.2556
1,8,3072,7680,1203.1914,1576.457
1,8,3584,5120,937.2796,1226.2442
1,8,4096,2560,536.0926,702.1006
1,8,4096,6656,1390.5756,1822.5082
1,8,4608,4096,963.4554,1261.7762
1,8,4608,8192,963.6922,1262.0002
1,8,5120,5632,1470.785,1926.9684
2,2,1024,3072,21.3696,28.6016
2,2,1024,7168,49.0112,63.5456
2,2,1536,4608,47.334,61.3374
2,2,2048,2048,28.6206,37.3054
2,2,2048,6144,82.4956,107.3978
2,2,2560,3584,60.825,79.1286
2,2,2560,7680,127.436,166.578
2,2,3072,5120,102.5274,133.4902
2,2,3584,2560,60.7738,78.7832
2,2,3584,6656,154.3606,201.4704
2,2,4096,4096,109.26,142.367
2,2,4096,8192,216.0434,282.3144
2,2,4608,5632,167.5382,218.8208
2,2,5120,3072,102.4508,133.4006
2,2,5120,7168,236.2668,308.4268
2,4,1024,4608,62.438,80.9534
2,4,1536,2048,42.278,54.8544
2,4,1536,6144,122.7704,160.0438
2,4,2048,3584,95.8522,124.8182
2,4,2048,7680,202.6738,264.6514
2,4,2560,5120,169.3044,220.9906
2,4,3072,2560,102.5718,133.535
2,4,3072,6656,263.0122,343.4596
2,4,3584,4096,189.1892,246.9296
2,4,3584,8192,376.0934,492.0792
2,4,4096,5632,295.9722,387.1846
2,4,4608,3072,182.6802,238.3916
2,4,4608,7168,422.9282,553.3336
2,4,5120,4608,302.8074,396.183
2,8,1024,2048,55.8718,72.6966
2,8,1024,6144,162.6166,212.35
2,8,1536,3584,142.5652,186.2006
2,8,1536,7680,302.82,396.3042
2,8,2048,5120,269.4702,352.1
2,8,2560,2560,169.3362,220.984
2,8,2560,6656,436.3552,571.1384
2,8,3072,4096,322.6154,422.2242
2,8,3072,8192,642.9586,842.1192
2,8,3584,5632,516.1436,675.5278
2,8,4096,3072,322.6406,422.1536
2,8,4096,7168,751.041,982.1306
2,8,4608,4608,543.1,711.1314
2,8,5120,2048,269.214,351.9652
2,8,5120,6144,803.5528,1051.877
4,2,1024,3584,12.019,17.7536
4,2,1024,7680,26.8798,35.1612
4,2,1536,5120,26.8094,35.0844
4,2,2048,2560,17.5104,24.1534
4,2,2048,6656,45.888,59.2508
4,2,2560,4096,35.6478,46.0928
4,2,2560,8192,69.075,90.0088
4,2,3072,5632,57.4972,74.7646
4,2,3584,3072,37.3886,48.2812
4,2,3584,7168,84.1598,109.4648
4,2,4096,4608,62.4894,81.2664
4,2,4608,2048,32.083,41.6826
4,2,4608,6144,92.4664,120.4918
4,2,5120,3584,60.7036,78.892
4,2,5120,7680,127.807,166.5846
4,4,1024,5120,35.6478,45.99
4,4,1536,2560,26.95,35.2064
4,4,1536,6656,67.5384,87.865
4,4,2048,4096,55.9482,72.6014
4,4,2048,8192,109.1704,142.1558
4,4,2560,5632,94.015,122.6166
4,4,3072,3072,62.3804,81.0106
4,4,3072,7168,142.4566,185.9252
4,4,3584,4608,107.3912,139.9664
4,4,4096,2048,55.6478,72.0826
4,4,4096,6144,162.4182,212.1136
4,4,4608,3584,107.4496,140.1206
4,4,4608,7680,227.6848,297.86
4,4,5120,5120,169.2016,220.7984
4,8,1024,2560,35.7436,45.9772
4,8,1024,6656,89.2282,115.9926
4,8,1536,4096,82.6042,107.4294
4,8,1536,8192,162.591,212.325
4,8,2048,5632,149.183,194.853
4,8,2560,3072,102.4632,133.375
4,8,2560,7168,236.0498,308.35
4,8,3072,4608,182.6802,238.3404
4,8,3584,2048,95.7496,124.6838
4,8,3584,6144,282.5644,369.5782
4,8,4096,3584,189.2848,246.8912
4,8,4096,7680,402.7234,527.1384
4,8,4608,5120,302.6794,395.9972
4,8,5120,2560,169.2342,220.8502
4,8,5120,6656,436.0354,571.0424
8,2,1024,4096,7.4176,10.4576
8,2,1024,8192,13.7278,19.9936
8,2,1536,5632,14.24,20.4288
8,2,2048,3072,10.2912,15.7056
8,2,2048,7168,24.9216,32.9404
8,2,2560,4608,19.859,26.976
8,2,3072,2048,10.2846,15.5328
8,2,3072,6144,32.1084,41.7398
8,2,3584,3584,21.8748,29.1196
8,2,3584,7680,46.1308,59.5262
8,2,4096,5120,35.5262,46.0032
8,2,4608,2560,19.7888,26.9504
8,2,4608,6656,51.0846,66.0604
8,2,5120,4096,35.673,46.0286
8,2,5120,8192,69.088,89.9254
8,4,1024,5632,19.3918,26.4064
8,4,1536,3072,15.68,22.0796
8,4,1536,7168,37.3694,48.301
8,4,2048,4608,32.0444,41.7276
8,4,2560,2048,17.5742,24.2112
8,4,2560,6144,52.2558,67.8134
8,4,3072,3584,37.3244,48.1718
8,4,3072,7680,77.465,100.8442
8,4,3584,5120,60.8062,78.5848
8,4,4096,2560,35.4304,46.144
8,4,4096,6656,89.196,116.025
8,4,4608,4096,62.3484,80.8958
8,4,4608,8192,122.655,159.7744
8,4,5120,5632,94.073,122.7126
8,8,1024,3072,21.3886,28.6014
8,8,1024,7168,49.139,63.513
8,8,1536,4608,47.3086,61.2862
8,8,2048,2048,28.6334,37.3504
8,8,2048,6144,82.6104,107.3406
8,8,2560,3584,60.8892,79.078
8,8,2560,7680,127.4488,166.4756
8,8,3072,5120,102.4374,133.4454
8,8,3584,2560,60.8696,78.9372
8,8,3584,6656,154.1174,201.33
8,8,4096,4096,109.1768,142.111
8,8,4096,8192,215.8768,282.2188
8,8,4608,5632,167.5572,218.7954
8,8,5120,3072,102.4696,133.4262
8,8,5120,7168,235.928,308.4132
16,2,1024,4608,4.787,5.824
16,2,1536,2048,3.6672,4.3264
16,2,1536,6144,8.1408,11.9356
16,2,2048,3584,6.707,8.7488
16,2,2048,7680,12.8448,18.752
16,2,2560,5120,10.8606,16.0064
16,2,3072,2560,7.072,9.4204
16,2,3072,6656,17.0814,23.654
16,2,3584,4096,12.0064,17.7536
16,2,3584,8192,24.8958,32.864
16,2,4096,5632,19.3854,26.4062
16,2,4608,3072,11.552,17.1324
16,2,4608,7168,28.224,36.7356
16,2,5120,4608,19.8208,26.9312
16,4,1024,2048,4.4478,5.344
16,4,1024,6144,10.3104,15.5388
16,4,1536,3584,9.184,13.9072
16,4,1536,7680,19.8654,27.0016
16,4,2048,5120,17.5488,24.2752
16,4,2560,2560,10.8224,16.0832
16,4,2560,6656,29.1198,37.8488
16,4,3072,4096,21.35,28.646
16,4,3072,8192,42.3486,54.656
16,4,3584,5632,34.4,44.3712
16,4,4096,3072,21.4206,28.6848
16,4,4096,7168,49.1382,63.4102
16,4,4608,4608,36.2294,46.5014
16,4,5120,2048,17.568,24.2748
16,4,5120,6144,52.5624,67.8774
16,8,1024,3584,12.0382,17.6448
16,8,1024,7680,26.9248,35.2896
16,8,1536,5120,26.8416,35.0652
16,8,2048,2560,17.5166,24.2172
16,8,2048,6656,45.5932,59.52
16,8,2560,4096,35.5902,46.0406
16,8,2560,8192,69.0554,89.9384
16,8,3072,5632,57.4458,74.3742
16,8,3584,3072,37.3502,48.2112
16,8,3584,7168,84.0954,109.5548
16,8,4096,4608,62.438,81.152
16,8,4608,2048,32.179,41.734
16,8,4608,6144,92.4348,120.4666
16,8,5120,3584,60.7418,78.9498
16,8,5120,7680,127.6534,166.2262
1,2,1024,3072,42.3676,54.8602
1,2,1024,7168,96.0184,124.799
1,2,1536,4608,92.5558,120.5492
1,2,2048,2048,55.852,72.6778
1,2,2048,6144,162.7056,212.4076
1,2,2560,3584,119.5572,155.6016
1,2,2560,7680,252.6758,330.5442
1,2,3072,5120,202.7182,264.6444
1,2,3584,2560,119.5636,155.5568
1,2,3584,6656,306.2052,400.4952
1,2,4096,4096,216.0876,282.3208
1,2,4096,8192,429.2824,561.595
1,2,4608,5632,332.669,435.0232
1,2,5120,3072,202.5518,264.529
1,2,5120,7168,469.3912,614.5156
1,4,1024,4608,122.5782,159.8704
1,4,1536,2048,82.5078,107.3526
1,4,1536,6144,242.6986,317.2706
1,4,2048,3584,189.227,246.9928
1,4,2048,7680,402.6968,526.8814
1,4,2560,5120,336.9058,440.2904
1,4,3072,2560,202.7374,264.6118
1,4,3072,6656,522.8302,684.6202
1,4,3584,4096,376.1888,492.22
1,4,3584,8192,750.1562,982.064
1,4,4096,5632,589.8118,772.5238
1,4,4608,3072,362.9086,474.5748
1,4,4608,7168,843.3328,1104.9172
1,4,5120,4608,603.1238,789.708
1,8,1024,2048,109.2854,142.405
1,8,1024,6144,322.8002,422.1974
1,8,1536,3584,282.794,369.8906
1,8,1536,7680,603.175,789.612
1,8,2048,5120,536.3854,702.4506
1,8,2560,2560,337.1422,439.5416
1,8,2560,6656,870.4112,1139.637
1,8,3072,4096,643.162,842.1046
1,8,3072,8192,1283.5718,1680.5856
1,8,3584,5632,1029.7954,1347.8408
1,8,4096,3072,643.1748,842.2968
1,8,4096,7168,1497.0992,1961.607
1,8,4608,4608,1083.145,1417.8942
1,8,5120,2048,536.3278,702.4444
1,8,5120,6144,1603.5748,2101.9192
2,2,1024,3584,24.9024,32.8574
2,2,1024,7680,52.4092,67.7948
2,2,1536,5120,52.4346,67.8454
2,2,2048,2560,35.654,45.9832
2,2,2048,6656,89.2472,116.0438
2,2,2560,4096,69.177,90.0534
2,2,2560,8192,135.9924,177.5726
2,2,3072,5632,112.6134,146.4428
2,2,3584,3072,72.5946,94.3798
2,2,3584,7168,165.848,216.8108
2,2,4096,4608,122.783,160.0948
2,2,4608,2048,62.4826,81.3756
2,2,4608,6144,182.7888,238.5
2,2,5120,3584,119.8454,155.9474
2,2,5120,7680,252.7784,330.4098
2,4,1024,5120,69.0746,90.0278
2,4,1536,2560,52.4924,67.9932
2,4,1536,6656,132.8498,173.0796
2,4,2048,4096,109.1382,142.2896
2,4,2048,8192,215.9402,282.3972
2,4,2560,5632,186.1938,242.7884
2,4,3072,3072,122.93,159.8322
2,4,3072,7168,282.8714,370.0506
2,4,3584,4608,212.6828,278.1156
2,4,4096,2048,109.3686,142.354
2,4,4096,6144,322.7748,421.98
2,4,4608,3584,212.5036,277.7444
2,4,4608,7680,452.7576,592.7692
2,4,5120,5120,336.8866,439.3496
2,8,1024,2560,69.1448,90.0022
2,8,1024,6656,175.6272,229.9628
2,8,1536,4096,162.6352,212.1068
2,8,1536,8192,322.5058,421.8904
2,8,2048,5632,296.0036,387.0874
2,8,2560,3072,202.5966,264.4518
2,8,2560,7168,469.4098,614.4964
2,8,3072,4608,362.7038,474.159
2,8,3584,2048,189.3358,246.9164
2,8,3584,6144,562.7848,736.863
2,8,4096,3584,376.0664,491.932
2,8,4096,7680,803.2566,1051.8176
2,8,4608,5120,602.9444,789.5674
2,8,5120,2560,336.4958,439.9
2,8,5120,6656,869.7964,1138.9906
4,2,1024,4096,13.7342,19.8784
4,2,1024,8192,28.6464,37.2224
4,2,1536,5632,29.5678,38.419
4,2,2048,3072,21.3822,28.6652
4,2,2048,7168,49.0298,63.5126
4,2,2560,4608,39.846,51.5516
4,2,3072,2048,21.3696,28.5756
4,2,3072,6144,62.534,81.1962
4,2,3584,3584,43.1486,55.8072
4,2,3584,7680,90.175,117.3942
4,2,4096,5120,69.017,90.0216
4,2,4608,2560,39.7626,51.3658
4,2,4608,6656,100.0374,130.399
4,2,5120,4096,69.2214,90.0534
4,2,5120,8192,136.101,177.0928
4,4,1024,5632,38.9372,50.2458
4,4,1536,3072,32.1982,41.6832
4,4,1536,7168,72.5176,94.3096
4,4,2048,4608,62.489,81.2022
4,4,2560,2048,35.692,46.2012
4,4,2560,6144,102.591,133.5478
4,4,3072,3584,72.4474,94.2906
4,4,3072,7680,152.562,199.23
4,4,3584,5120,119.474,155.7236
4,4,4096,2560,69.1704,89.791
4,4,4096,6656,176.011,229.6422
4,4,4608,4096,122.5654,159.5694
4,4,4608,8192,242.6726,317.1298
4,4,5120,5632,185.995,242.7362
4,8,1024,3072,42.3294,54.8024
4,8,1024,7168,95.8966,124.6772
4,8,1536,4608,92.6134,120.4406
4,8,2048,2048,55.942,72.5558
4,8,2048,6144,162.5778,212.0812
4,8,2560,3584,119.4162,155.3266
4,8,2560,7680,252.817,330.4798
4,8,3072,5120,202.814,264.7398
4,8,3584,2560,119.871,156.203
4,8,3584,6656,306.141,400.374
4,8,4096,4096,215.9916,282.4548
4,8,4096,8192,429.4998,561.9466
4,8,4608,5632,332.7138,435.228
4,8,5120,3072,202.8972,264.6246
4,8,5120,7168,469.7172,614.8744
8,2,1024,4608,8.1342,11.8848
8,2,1536,2048,5.9584,7.3984
8,2,1536,6144,15.7184,22.1248
8,2,2048,3584,12.0126,17.5872
8,2,2048,7680,26.9822,35.0654
8,2,2560,5120,22.3294,29.6448
8,2,3072,2560,12.8448,18.6944
8,2,3072,6656,34.8666,44.934
8,2,3584,4096,25.056,32.9856
8,2,3584,8192,49.0942,63.5254
8,2,4096,5632,38.9952,50.3872
8,2,4608,3072,24.1276,31.8588
8,2,4608,7168,55.1164,71.1864
8,2,5120,4608,39.8398,51.4366
8,4,1024,2048,7.424,10.4896
8,4,1024,6144,21.3694,28.6912
8,4,1536,3584,18.5024,25.2992
8,4,1536,7680,39.884,51.43
8,4,2048,5120,35.6668,46.2392
8,4,2560,2560,22.3738,29.728
8,4,2560,6656,56.8316,73.4198
8,4,3072,4096,42.4894,54.739
8,4,3072,8192,82.5526,107.4426
8,4,3584,5632,66.585,86.5208
8,4,4096,3072,42.438,54.6934
8,4,4096,7168,95.8774,124.709
8,4,4608,4608,70.0416,90.9622
8,4,5120,2048,35.5642,46.0862
8,4,5120,6144,102.4184,133.4198
8,8,1024,3584,25.0108,32.9086
8,8,1024,7680,52.4538,68.0182
8,8,1536,5120,52.5372,67.8908
8,8,2048,2560,35.7308,46.227
8,8,2048,6656,89.2214,116.1398
8,8,2560,4096,69.2344,90.0734
8,8,2560,8192,135.9474,177.1884
8,8,3072,5632,112.639,146.5014
8,8,3584,3072,72.5178,94.367
8,8,3584,7168,165.656,216.6572
8,8,4096,4608,122.6228,159.7552
8,8,4608,2048,62.5142,81.3308
8,8,4608,6144,182.7372,238.59
8,8,5120,3584,119.5126,155.8064
8,8,5120,7680,252.6052,330.4802
16,2,1024,5120,5.216,6.3744
16,2,1536,2560,4.3072,5.1836
16,2,1536,6656,8.6848,12.966
16,2,2048,4096,7.4432,10.4832
16,2,2048,8192,13.683,19.8208
16,2,2560,5632,11.8268,17.3048
16,2,3072,3072,8.1472,11.936
16,2,3072,7168,18.4574,25.3116
16,2,3584,4608,13.5296,19.6224
16,2,4096,2048,7.4494,10.419
16,2,4096,6144,21.4524,28.582
16,2,4608,3584,13.5424,19.6032
16,2,4608,7680,30.1116,39.11
16,2,5120,5120,22.3616,29.6892
16,4,1024,2560,5.216,6.3232
16,4,1024,6656,11.347,16.7676
16,4,1536,4096,10.304,15.4944
16,4,1536,8192,21.3628,28.6844
16,4,2048,5632,19.3792,26.4188
16,4,2560,3072,12.9152,18.8096
16,4,2560,7168,31.4172,40.6202
16,4,3072,4608,24.1468,31.8464
16,4,3584,2048,12.0062,17.5612
16,4,3584,6144,37.491,48.2876
16,4,4096,3584,24.9598,32.9854
16,4,4096,7680,52.4922,68.1146
16,4,4608,5120,39.8778,51.526
16,4,5120,2560,22.3548,29.6572
16,4,5120,6656,56.4088,73.2022
16,8,1024,4096,13.715,20.0448
16,8,1024,8192,28.627,37.2352
16,8,1536,5632,29.4846,38.336
16,8,2048,3072,21.4272,28.5752
16,8,2048,7168,48.9402,63.4232
16,8,2560,4608,39.8142,51.3726
16,8,3072,2048,21.4462,28.5376
16,8,3072,6144,62.4442,80.9846
16,8,3584,3584,43.0778,55.75
16,8,3584,7680,90.111,117.176
16,8,4096,5120,69.0748,89.8934
16,8,4608,2560,39.8142,51.3854
16,8,4608,6656,99.967,130.207
16,8,5120,4096,69.0552,89.9322
16,8,5120,8192,135.7874,177.4004
1,2,1024,3584,48.7678,63.0268
1,2,1024,7680,101.8684,132.703
1,2,1536,5120,101.9324,132.735
1,2,2048,2560,68.6204,89.5224
1,2,2048,6656,174.847,228.4786
1,2,2560,4096,135.2566,175.9856
1,2,2560,8192,267.4796,350.0198
1,2,3072,5632,221.0862,289.4764
1,2,3584,3072,141.6054,185.1762
1,2,3584,7168,327.223,429.0272
1,2,4096,4608,241.08,315.5562
1,2,4608,2048,121.7846,158.776
1,2,4608,6144,360.4134,471.9646
1,2,5120,3584,234.526,306.8516
1,2,5120,7680,499.6442,654.5614
1,4,1024,5120,134.9238,176.5232
1,4,1536,2560,101.9382,132.7414
1,4,1536,6656,260.9516,341.5906
1,4,2048,4096,214.5712,280.8492
1,4,2048,8192,426.5954,558.9462
1,4,2560,5632,367.1588,480.6812
1,4,3072,3072,241.2526,315.6394
1,4,3072,7168,559.548,732.993
1,4,3584,4608,420.157,550.3384
1,4,4096,2048,214.5584,280.8232
1,4,4096,6144,638.7792,837.2482
1,4,4608,3584,420.0418,550.3128
1,4,4608,7680,897.6316,1176.663
1,4,5120,5120,670.075,877.4202
1,8,1024,2560,135.7494,177.3174
1,8,1024,6656,349.501,456.9954
1,8,1536,4096,322.7686,422.3266
1,8,1536,8192,642.952,841.7084
1,8,2048,5632,589.4164,772.122
1,8,2560,3072,402.6656,526.9912
1,8,2560,7168,936.46,1226.8962
1,8,3072,4608,723.3738,947.0714
1,8,3584,2048,376.061,492.105
1,8,3584,6144,1123.2686,1470.9394
1,8,4096,3584,749.678,981.689
1,8,4096,7680,1603.3926,2101.1168
1,8,4608,5120,1203.383,1576.6408
1,8,5120,2560,669.5374,876.4552
1,8,5120,6656,869.7086,1138.9034
2,2,1024,4096,28.5632,37.2672
2,2,1024,8192,55.5388,72.1276
2,2,1536,5632,57.4586,74.3102
2,2,2048,3072,42.4572,54.6944
2,2,2048,7168,95.8392,124.767
2,2,2560,4608,77.5226,100.8824
2,2,3072,2048,42.2974,54.6616
2,2,3072,6144,122.8086,159.6976
2,2,3584,3584,84.1402,109.439
2,2,3584,7680,177.4768,231.7742
2,2,4096,5120,135.8454,177.4452
2,2,4608,2560,77.5612,100.9146
2,2,4608,6656,197.7196,258.0588
2,2,5120,4096,135.8454,177.5986
2,2,5120,8192,269.2778,352.0354
2,4,1024,5632,75.9094,98.6614
2,4,1536,3072,62.3932,80.991
2,4,1536,7168,142.4566,186.1298
2,4,2048,4608,122.5974,159.6214
2,4,2560,2048,69.1068,89.8744
2,4,2560,6144,202.7248,264.702
2,4,3072,3584,142.527,185.9312
2,4,3072,7680,302.7304,395.933
2,4,3584,5120,236.0686,308.535
2,4,4096,2560,135.9796,177.0994
2,4,4096,6656,349.4952,457.0784
2,4,4608,4096,242.488,317.207
2,4,4608,8192,482.8508,631.88
2,4,5120,5632,369.3858,483.3058
2,8,1024,3072,82.5144,107.4166
2,8,1024,7168,189.3872,247.205
2,8,1536,4608,182.622,238.3414
2,8,2048,2048,109.1642,142.1814
2,8,2048,6144,322.8648,422.4418
2,8,2560,3584,236.3052,308.4204
2,8,2560,7680,502.8254,658.1646
2,8,3072,5120,402.7298,526.972
2,8,3584,2560,235.902,308.606
2,8,3584,6656,609.5314,798.0036
2,8,4096,4096,429.443,562.1272
2,8,4096,8192,856.5376,1121.463
2,8,4608,5632,662.8434,867.8532
2,8,5120,3072,402.7682,526.9656
2,8,5120,7168,936.575,1226.896
4,2,1024,4608,15.648,21.9264
4,2,1536,2048,10.336,15.4368
4,2,1536,6144,32.1918,41.5806
4,2,2048,3584,25.0686,32.8768
4,2,2048,7680,52.3708,67.7692
4,2,2560,5120,44.0506,56.7232
4,2,3072,2560,26.8286,35.1488
4,2,3072,6656,67.4236,87.6734
4,2,3584,4096,49.0236,63.4678
4,2,3584,8192,95.737,124.7414
4,2,4096,5632,75.7814,98.7254
4,2,4608,3072,47.4624,61.1644
4,2,4608,7168,107.4424,139.9286
4,2,5120,4608,77.5226,100.8824
4,4,1024,2048,13.664,19.878
4,4,1024,6144,42.3358,54.758
4,4,1536,3584,37.2926,48.128
4,4,1536,7680,77.516,100.9146
4,4,2048,5120,69.0042,89.977
4,4,2560,2560,43.987,56.748
4,4,2560,6656,110.796,144.3702
4,4,3072,4096,82.5272,107.3654
4,4,3072,8192,162.5078,212.2092
4,4,3584,5632,130.8916,170.6672
4,4,4096,3072,82.5336,107.295
4,4,4096,7168,189.2466,247.0828
4,4,4608,4608,137.5094,179.2244
4,4,5120,2048,69.1962,89.9578
4,4,5120,6144,202.6098,264.6188
4,8,1024,3584,49.0752,63.3206
4,8,1024,7680,102.5718,133.4646
4,8,1536,5120,102.5406,133.4838
4,8,2048,2560,68.947,89.951
4,8,2048,6656,176.0052,229.7452
4,8,2560,4096,135.7622,177.2018
4,8,2560,8192,269.2204,351.9522
4,8,3072,5632,222.5196,290.9356
4,8,3584,3072,142.4884,186.0972
4,8,3584,7168,329.399,431.0114
4,8,4096,4608,242.7116,317.2968
4,8,4608,2048,122.5848,159.8842
4,8,4608,6144,362.6468,474.646
4,8,5120,3584,236.798,308.4204
4,8,5120,7680,502.857,657.9982
8,2,1024,5120,8.8448,13.3632
8,2,1536,2560,7.04,9.4784
8,2,1536,6656,17.1262,23.6542
8,2,2048,4096,13.6832,19.8272
8,2,2048,8192,28.563,37.2344
8,2,2560,5632,24.5632,32.3072
8,2,3072,3072,15.648,22.0032
8,2,3072,7168,37.2992,48.2624
8,2,3584,4608,28.16,36.7288
8,2,4096,2048,13.6704,19.7888
8,2,4096,6144,42.3996,54.6752
8,2,4608,3584,28.1726,36.7616
8,2,4608,7680,58.6874,75.9808
8,2,5120,5120,44.0764,56.8508
8,4,1024,2560,8.8126,13.2544
8,4,1024,6656,23.2894,30.7006
8,4,1536,4096,21.2734,28.5244
8,4,1536,8192,42.3934,54.63
8,4,2048,5632,38.9246,50.2076
8,4,2560,3072,26.7712,35.1484
8,4,2560,7168,60.7798,78.8538
8,4,3072,4608,47.5382,61.1836
8,4,3584,2048,25.0112,32.9276
8,4,3584,6144,72.5308,94.2778
8,4,4096,3584,49.19,63.4358
8,4,4096,7680,102.5528,133.4454
8,4,4608,5120,77.4142,100.927
8,4,5120,2560,44.0442,56.8702
8,4,5120,6656,110.796,144.3254
8,8,1024,4096,28.678,37.2218
8,8,1024,8192,55.6282,72.415
8,8,1536,5632,57.4846,74.3996
8,8,2048,3072,42.3484,54.662
8,8,2048,7168,95.8264,124.7414
8,8,2560,4608,77.5226,100.9016
8,8,3072,2048,42.4638,54.777
8,8,3072,6144,122.6364,159.6912
8,8,3584,3584,84.1976,109.5994
8,8,3584,7680,177.541,231.8638
8,8,4096,5120,136.0438,176.9772
8,8,4608,2560,77.4778,100.8822
8,8,4608,6656,197.5662,258.3398
8,8,5120,4096,135.73,177.4704
8,8,5120,8192,269.1564,351.8886
16,2,1024,5632,5.5616,6.8416
16,2,1536,3072,4.7744,5.7982
16,2,1536,7168,9.2032,13.8748
16,2,2048,4608,8.1152,11.776
16,2,2560,2048,5.2224,6.3104
16,2,2560,6144,12.8446,18.7258
16,2,3072,3584,9.184,13.8304
16,2,3072,7680,19.8912,26.9376
16,2,3584,5120,15.1294,21.408
16,2,4096,2560,8.8252,13.2864
16,2,4096,6656,23.2256,30.7264
16,2,4608,4096,15.6224,22.0096
16,2,4608,8192,32.1152,41.6762
16,2,5120,5632,24.5756,32.326
16,4,1024,3072,5.9712,7.3344
16,4,1024,7168,11.9552,17.5872
16,4,1536,4608,11.68,17.0424
16,4,2048,2048,7.4238,10.1824
16,4,2048,6144,21.2732,28.5694
16,4,2560,3584,15.123,21.5614
16,4,2560,7680,33.3758,43.264
16,4,3072,5120,26.7836,35.104
16,4,3584,2560,15.1296,21.478
16,4,3584,6656,40.3258,51.8848
16,4,4096,4096,28.6012,37.2478
16,4,4096,8192,55.9422,72.4854
16,4,4608,5632,43.6284,56.3388
16,4,5120,3072,26.9628,35.0142
16,4,5120,7168,60.8252,78.5978
16,8,1024,4608,15.7248,21.926
16,8,1536,2048,10.4256,15.52
16,8,1536,6144,32.0892,41.5552
16,8,2048,3584,25.0112,32.8954
16,8,2048,7680,52.4924,67.808
16,8,2560,5120,44.0192,56.8376
16,8,3072,2560,26.822,35.104
16,8,3072,6656,67.4746,87.583
16,8,3584,4096,49.0428,63.417
16,8,3584,8192,95.8136,124.703
16,8,4096,5632,75.7626,98.6806
16,8,4608,3072,47.6284,61.1578
16,8,4608,7168,107.4998,139.9602
16,8,5120,4608,77.4908,100.8502
1,2,1024,4096,55.6668,72.1336
1,2,1024,8192,109.2406,142.0406
1,2,1536,5632,112.5108,146.6352
1,2,2048,3072,82.5526,107.327
1,2,2048,7168,189.323,247.1852
1,2,2560,4608,152.6064,199.1788
1,2,3072,2048,82.6424,107.359
1,2,3072,6144,242.7242,317.2706
1,2,3584,3584,166.1168,216.4908
1,2,3584,7680,352.8926,461.2566
1,2,4096,5120,269.2328,352.0802
1,2,4608,2560,152.626,199.224
1,2,4608,6656,392.7768,513.8318
1,2,5120,4096,269.2584,352.028
1,2,5120,8192,536.315,702.0734
1,4,1024,5632,149.3362,194.8716
1,4,1536,3072,122.6228,159.7364
1,4,1536,7168,282.6914,369.9292
1,4,2048,4608,242.7304,317.3538
1,4,2560,2048,135.9092,176.965
1,4,2560,6144,402.761,526.8686
1,4,3072,3584,282.922,370.0514
1,4,3072,7680,603.124,790.0472
1,4,3584,5120,469.704,614.9888
1,4,4096,2560,269.6034,352.4514
1,4,4096,6656,696.6974,912.305
1,4,4608,4096,483.5282,632.2564
1,4,4608,8192,963.4916,1262.2854
1,4,5120,5632,736.659,964.6186
1,8,1024,3072,162.6928,212.58
1,8,1024,7168,376.3034,492.4174
1,8,1536,4608,362.787,474.3254
1,8,2048,2048,215.9468,282.2504
1,8,2048,6144,642.8478,841.7328
1,8,2560,3584,469.5316,614.6244
1,8,2560,7680,1003.1714,1313.703
1,8,3072,5120,803.4864,1052.1244
1,8,3584,2560,469.6404,614.8934
1,8,3584,6656,1217.4026,1594.3206
1,8,4096,4096,856.4136,1121.7106
1,8,4096,8192,1711.0366,2241.5658
1,8,4608,5632,1323.5012,1733.379
1,8,5120,3072,803.4672,1052.0344
1,8,5120,7168,936.7652,1227.508
2,2,1024,4608,32.1664,41.728
2,2,1536,2048,21.536,28.6012
2,2,1536,6144,62.4824,81.0358
2,2,2048,3584,49.1836,63.436
2,2,2048,7680,102.7318,133.5926
2,2,2560,5120,86.0534,111.813
2,2,3072,2560,52.4602,67.9352
2,2,3072,6656,132.6002,172.7408
2,2,3584,4096,95.8518,124.7986
2,2,3584,8192,189.3548,247.1466
2,2,4096,5632,149.1956,194.6096
2,2,4608,3072,92.5878,120.389
2,2,4608,7168,212.6378,277.6934
2,2,5120,4608,152.5552,199.2044
2,4,1024,2048,28.7166,37.2862
2,4,1024,6144,82.5526,107.2182
2,4,1536,3584,72.6264,94.3286
2,4,1536,7680,152.5234,199.2044
2,4,2048,5120,135.9414,177.074
2,4,2560,2560,85.625,111.6722
2,4,2560,6656,219.249,286.6216
2,4,3072,4096,162.6674,212.3372
2,4,3072,8192,322.6658,422.0568
2,4,3584,5632,259.5432,339.0434
2,4,4096,3072,162.469,212.3564
2,4,4096,7168,376.0794,492.0722
2,4,4608,4608,272.759,356.3544
2,4,5120,2048,135.8326,177.5852
2,4,5120,6144,402.7288,526.8814
2,8,1024,3584,95.7494,124.8306
2,8,1024,7680,202.7308,264.74
2,8,1536,5120,202.6478,264.6764
2,8,2048,2560,135.8262,177.112
2,8,2048,6656,349.392,456.8152
2,8,2560,4096,269.3286,352.003
2,8,2560,8192,536.3214,702.1946
2,8,3072,5632,442.895,579.3546
2,8,3584,3072,282.7368,369.7568
2,8,3584,7168,656.1856,859.1792
2,8,4096,4608,482.843,632.0194
2,8,4608,2048,242.7368,317.2256
2,8,4608,6144,723.9802,947.1206
2,8,5120,3584,469.6274,614.65
2,8,5120,7680,1003.2412,1313.741
4,2,1024,5120,17.5744,24.2424
4,2,1536,2560,12.8254,18.7004
4,2,1536,6656,34.7386,44.9536
4,2,2048,4096,28.7296,37.3696
4,2,2048,8192,55.5516,72.0442
4,2,2560,5632,48.2998,62.3936
4,2,3072,3072,32.2684,41.6826
4,2,3072,7168,72.6074,94.4566
4,2,3584,4608,55.065,71.1546
4,2,4096,2048,28.6588,37.2988
4,2,4096,6144,82.6936,107.3846
4,2,4608,3584,55.0012,71.193
4,2,4608,7680,115.4166,150.379
4,2,5120,5120,85.9254,111.813
4,4,1024,2560,17.5104,24.256
4,4,1024,6656,45.9392,59.1482
4,4,1536,4096,42.4122,54.6682
4,4,1536,8192,82.5208,107.3206
4,4,2048,5632,75.6982,98.6554
4,4,2560,3072,52.3964,67.8458
4,4,2560,7168,119.4224,155.326
4,4,3072,4608,92.652,120.5046
4,4,3584,2048,49.0624,63.4936
4,4,3584,6144,142.5972,186.0334
4,4,4096,3584,96.0438,125.1762
4,4,4096,7680,202.6796,264.567
4,4,4608,5120,152.7154,199.4988
4,4,5120,2560,86.0152,111.8198
4,4,5120,6656,219.23,286.6598
4,8,1024,4096,56.0374,72.6774
4,8,1024,8192,109.3622,142.181
4,8,1536,5632,112.6966,146.7894
4,8,2048,3072,82.687,107.3846
4,8,2048,7168,189.5084,247.2806
4,8,2560,4608,152.6258,199.3388
4,8,3072,2048,82.5656,107.423
4,8,3072,6144,243.351,317.7186
4,8,3584,3584,166.277,216.644
4,8,3584,7680,353.3276,461.8898
4,8,4096,5120,269.5656,352.336
4,8,4608,2560,152.7474,199.4284
4,8,4608,6656,392.9948,514.1902
4,8,5120,4096,269.6164,352.278
4,8,5120,8192,536.4366,702.4892
8,2,1024,5632,9.5872,14.5344
8,2,1536,3072,8.1088,11.8208
8,2,1536,7168,18.3742,25.3504
8,2,2048,4608,15.6542,21.984
8,2,2560,2048,8.851,13.2736
8,2,2560,6144,26.8926,35.0458
8,2,3072,3584,18.3872,25.3052
8,2,3072,7680,39.8208,51.4048
8,2,3584,5120,31.411,40.5688
8,2,4096,2560,17.4912,24.198
8,2,4096,6656,45.8746,59.3018
8,2,4608,4096,32.1148,41.6316
8,2,4608,8192,62.4378,81.3882
8,2,5120,5632,48.3446,62.4704
8,4,1024,3072,10.3168,15.4174
8,4,1024,7168,24.998,33.0234
8,4,1536,4608,24.115,31.8464
8,4,2048,2048,13.6704,19.9424
8,4,2048,6144,42.3996,54.668
8,4,2560,3584,31.2574,40.4536
8,4,2560,7680,65.1448,84.2038
8,4,3072,5120,52.4664,67.743
8,4,3584,2560,31.616,40.4992
8,4,3584,6656,78.38,101.9062
8,4,4096,4096,55.551,72.5494
8,4,4096,8192,109.1446,142.0976
8,4,4608,5632,85.036,110.6226
8,4,5120,3072,52.5306,67.9094
8,4,5120,7168,119.4742,155.5696
8,8,1024,4608,32.1658,41.6764
8,8,1536,2048,21.4396,28.6784
8,8,1536,6144,62.5594,81.2986
8,8,2048,3584,49.2026,63.7116
8,8,2048,7680,102.5846,133.6372
8,8,2560,5120,86.0536,111.8386
8,8,3072,2560,52.4472,67.8332
8,8,3072,6656,132.9206,173.1822
8,8,3584,4096,95.999,124.991
8,8,3584,8192,189.7134,247.6586
8,8,4096,5632,149.4258,195.006
8,8,4608,3072,92.652,120.4978
8,8,4608,7168,213.2012,278.5894
8,8,5120,4608,152.6964,199.4156
16,2,1024,2048,2.9118,3.2704
16,2,1024,6144,5.9454,7.3984
16,2,1536,3584,5.4336,6.5472
16,2,1536,7680,9.8048,14.8032
16,2,2048,5120,8.8448,13.2928
16,2,2560,2560,6.1632,7.8144
16,2,2560,6656,13.9392,19.9932
16,2,3072,4096,10.304,15.4688
16,2,3072,8192,21.4206,28.5756
16,2,3584,5632,16.883,23.5328
16,2,4096,3072,10.3744,15.4752
16,2,4096,7168,24.9916,32.9532
16,2,4608,4608,17.7658,24.544
16,2,5120,2048,8.864,13.3184
16,2,5120,6144,26.905,35.1992
16,4,1024,3584,6.6944,8.8704
16,4,1024,7680,12.8126,18.6618
16,4,1536,5120,12.7742,18.6624
16,4,2048,2560,8.8192,13.2992
16,4,2048,6656,23.2768,30.7324
16,4,2560,4096,17.5804,24.2624
16,4,2560,8192,35.4878,45.8814
16,4,3072,5632,29.6,38.3868
16,4,3584,3072,18.4252,25.2672
16,4,3584,7168,43.2056,55.7628
16,4,4096,4608,32.2108,41.657
16,4,4608,2048,15.6606,22.0416
16,4,4608,6144,47.5132,61.311
16,4,5120,3584,31.3788,40.6078
16,4,5120,7680,65.1832,84.5686
16,8,1024,5120,17.5678,24.3326
16,8,1536,2560,12.8448,18.6814
16,8,1536,6656,34.8544,45.0176
16,8,2048,4096,28.7036,37.3248
16,8,2048,8192,55.5832,72.0122
16,8,2560,5632,48.2624,62.3616
16,8,3072,3072,32.1468,41.6572
16,8,3072,7168,72.5178,94.1622
16,8,3584,4608,54.9242,71.3974
16,8,4096,2048,28.793,37.3174
16,8,4096,6144,82.5334,107.295
16,8,4608,3584,54.9944,70.9884
16,8,4608,7680,115.5702,150.3602
16,8,5120,5120,86.0086,111.839
1,2,1024,4608,62.5854,81.2792
1,2,1536,2048,42.4446,54.848
1,2,1536,6144,123.2442,160.761
1,2,2048,3584,96.0506,124.9462
1,2,2048,7680,203.0006,264.9906
1,2,2560,5120,169.663,221.253
1,2,3072,2560,102.7132,133.6504
1,2,3072,6656,262.9558,343.6592
1,2,3584,4096,189.567,247.4164
1,2,3584,8192,376.4588,492.9762
1,2,4096,5632,296.4592,387.934
1,2,4608,3072,182.892,238.7826
1,2,4608,7168,423.3388,554.1858
1,2,5120,4608,303.1792,396.6572
1,4,1024,2048,56.1472,72.7416
1,4,1024,6144,162.815,212.511
1,4,1536,3584,142.6616,186.2134
1,4,1536,7680,303.166,396.7594
1,4,2048,5120,269.7394,352.6444
1,4,2560,2560,169.5798,221.2532
1,4,2560,6656,436.5804,571.2226
1,4,3072,4096,323.1216,422.8012
1,4,3072,8192,643.7344,842.7608
1,4,3584,5632,516.714,676.0158
1,4,4096,3072,323.1984,422.807
1,4,4096,7168,750.5242,982.9772
1,4,4608,4608,542.986,710.6464
1,4,5120,2048,269.3296,352.1644
1,4,5120,6144,803.1508,1051.6682
1,8,1024,3584,189.5286,247.2372
1,8,1024,7680,403.3452,527.8818
1,8,1536,5120,403.4156,527.933
1,8,2048,2560,269.7454,352.6832
1,8,2048,6656,696.9432,911.9
1,8,2560,4096,536.1698,701.98
1,8,2560,8192,1070.1638,1401.6376
1,8,3072,5632,884.2068,1157.4852
1,8,3584,3072,563.7282,737.6664
1,8,3584,7168,1311.0202,1717.3218
1,8,4096,4608,964.0462,1262.0922
1,8,4608,2048,483.3572,632.5338
1,8,4608,6144,1443.8578,1891.6828
1,8,5120,3584,937.4798,1226.925
1,8,5120,7680,1003.8664,1313.9066
2,2,1024,5120,35.5518,45.9706
2,2,1536,2560,26.8224,35.0778
2,2,1536,6656,67.5516,87.833
2,2,2048,4096,55.5772,72.0892
2,2,2048,8192,109.2534,142.2838
2,2,2560,5632,94.3928,122.8346
2,2,3072,3072,62.5144,81.3632
2,2,3072,7168,142.8154,186.463
2,2,3584,4608,107.6668,140.3066
2,2,4096,2048,55.7246,72.3324
2,2,4096,6144,162.7832,212.5172
2,2,4608,3584,107.6984,140.2874
2,2,4608,7680,229.3302,298.6156
2,2,5120,5120,169.5416,221.247
2,4,1024,2560,35.571,46.0668
2,4,1024,6656,89.4202,116.2102
2,4,1536,4096,82.63,107.558
2,4,1536,8192,162.8152,212.5174
2,4,2048,5632,149.4584,195.2566
2,4,2560,3072,102.7264,133.7664
2,4,2560,7168,236.3702,308.8686
2,4,3072,4608,182.9238,238.6802
2,4,3584,2048,96.0444,124.8506
2,4,3584,6144,283.1154,370.0648
2,4,4096,3584,189.4776,247.5126
2,4,4096,7680,403.4156,527.9458
2,4,4608,5120,303.1212,396.6632
2,4,5120,2560,169.6504,221.2402
2,4,5120,6656,436.7464,571.3698
2,8,1024,4096,109.4134,142.3862
2,8,1024,8192,216.319,282.5264
2,8,1536,5632,223.0838,291.3968
2,8,2048,3072,162.8534,212.581
2,8,2048,7168,376.6892,492.9892
2,8,2560,4608,302.6932,396.1708
2,8,3072,2048,162.6104,212.2358
2,8,3072,6144,482.8712,631.9582
2,8,3584,3584,329.5086,431.0378
2,8,3584,7680,703.0236,920.5774
2,8,4096,5120,536.1186,701.9552
2,8,4608,2560,302.7628,396.2022
2,8,4608,6656,783.2024,1025.4728
2,8,5120,4096,536.1828,701.9804
2,8,5120,8192,1070.676,1401.5222
4,2,1024,5632,19.4112,26.4316
4,2,1536,3072,15.5706,21.9392
4,2,1536,7168,37.4336,48.1216
4,2,2048,4608,32.1404,41.6506
4,2,2560,2048,17.5744,24.1534
4,2,2560,6144,52.3646,67.6604
4,2,3072,3584,37.2608,48.224
4,2,3072,7680,77.7276,100.9914
4,2,3584,5120,60.9788,79.0712
4,2,4096,2560,35.667,46.0988
4,2,4096,6656,89.2346,116.127
4,2,4608,4096,62.3486,81.382
4,2,4608,8192,122.8412,160.0056
4,2,5120,5632,94.2522,122.6742
4,4,1024,3072,21.3758,28.55
4,4,1024,7168,49.0752,63.3536
4,4,1536,4608,47.507,61.2154
4,4,2048,2048,28.6272,37.28
4,4,2048,6144,82.4252,107.3722
4,4,2560,3584,60.838,78.7002
4,4,2560,7680,127.6472,166.2394
4,4,3072,5120,102.5856,133.5098
4,4,3584,2560,60.8446,78.8798
4,4,3584,6656,154.2586,201.2726
4,4,4096,4096,109.2476,142.22
4,4,4096,8192,215.8772,282.1812
4,4,4608,5632,167.5702,218.7822
4,4,5120,3072,102.4954,133.5226
4,4,5120,7168,236.1398,308.4214
4,8,1024,4608,62.4,81.1258
4,8,1536,2048,42.4446,54.8284
4,8,1536,6144,122.7578,159.6726
4,8,2048,3584,95.891,124.6908
4,8,2048,7680,202.6166,264.613
4,8,2560,5120,169.3432,220.9778
4,8,3072,2560,102.6368,133.5418
4,8,3072,6656,262.7698,343.3776
4,8,3584,4096,189.3942,247.0836
4,8,3584,8192,376.0812,492.343
4,8,4096,5632,296.1198,387.46
4,8,4608,3072,182.8278,238.5908
4,8,4608,7168,423.3836,554.0322
4,8,5120,4608,303.2752,396.6954
8,2,1024,2048,4.4416,5.376
8,2,1024,6144,10.4444,15.4624
8,2,1536,3584,9.28,13.92
8,2,1536,7680,19.9166,26.912
8,2,2048,5120,17.5808,24.2176
8,2,2560,2560,10.8032,15.9744
8,2,2560,6656,29.1902,37.8624
8,2,3072,4096,21.3886,28.672
8,2,3072,8192,42.3872,54.848
8,2,3584,5632,34.3616,44.377
8,2,4096,3072,21.3566,28.544
8,2,4096,7168,49.03,63.3852
8,2,4608,4608,36.0254,46.5146
8,2,5120,2048,17.5296,24.2046
8,2,5120,6144,52.4096,67.6864
8,4,1024,3584,12.0384,17.6832
8,4,1024,7680,26.9184,35.1614
8,4,1536,5120,26.9184,35.1868
8,4,2048,2560,17.5424,24.16
8,4,2048,6656,45.7468,59.0272
8,4,2560,4096,35.8848,46.1824
8,4,2560,8192,69.286,90.2144
8,4,3072,5632,57.4202,74.6814
8,4,3584,3072,37.3182,48.1854
8,4,3584,7168,84.2168,109.5294
8,4,4096,4608,62.4316,81.1132
8,4,4608,2048,32.0,41.6188
8,4,4608,6144,92.4408,120.5428
8,4,5120,3584,60.7998,78.899
8,4,5120,7680,127.5646,166.1942
8,8,1024,5120,35.5774,46.0736
8,8,1536,2560,26.8094,35.033
8,8,1536,6656,67.513,87.8012
8,8,2048,4096,55.9936,72.5944
8,8,2048,8192,109.1898,142.207
8,8,2560,5632,94.2076,122.6294
8,8,3072,3072,62.3996,81.1132
8,8,3072,7168,142.5272,185.9766
8,8,3584,4608,107.5256,140.1338
8,8,4096,2048,56.0382,72.5886
8,8,4096,6144,162.5526,212.2614
8,8,4608,3584,107.5066,140.0058
8,8,4608,7680,228.3892,297.6496
8,8,5120,5120,169.164,220.9974
16,2,1024,2560,3.232,3.904
16,2,1024,6656,6.3552,8.0448
16,2,1536,4096,5.9648,7.52
16,2,1536,8192,10.3868,15.5642
16,2,2048,5632,9.6256,14.432
16,2,2560,3072,7.0464,9.504
16,2,2560,7168,15.1104,21.376
16,2,3072,4608,11.5648,17.1584
16,2,3584,2048,6.72,8.6784
16,2,3584,6144,18.5792,25.3368
16,2,4096,3584,11.9872,17.9072
16,2,4096,7680,26.8992,35.0782
16,2,4608,5120,19.904,26.9184
16,2,5120,2560,10.8606,16.0512
16,2,5120,6656,29.126,37.7856
16,4,1024,4096,7.443,10.3872
16,4,1024,8192,13.7472,19.9292
16,4,1536,5632,14.2014,20.4416
16,4,2048,3072,10.419,15.4556
16,4,2048,7168,24.9984,32.9408
16,4,2560,4608,19.9744,26.8864
16,4,3072,2048,10.336,15.4048
16,4,3072,6144,31.9936,41.638
16,4,3584,3584,21.8174,29.0428
16,4,3584,7680,46.4574,59.8076
16,4,4096,5120,35.513,46.2336
16,4,4608,2560,20.0318,27.0144
16,4,4608,6656,51.2764,66.2458
16,4,5120,4096,35.5328,45.9648
16,4,5120,8192,69.145,89.9574
16,8,1024,5632,19.3792,26.3744
16,8,1536,3072,15.584,22.0224
16,8,1536,7168,37.35,48.1088
16,8,2048,4608,32.1406,41.6256
16,8,2560,2048,17.6318,24.1472
16,8,2560,6144,52.384,67.9232
16,8,3072,3584,37.3054,48.1344
16,8,3072,7680,77.4782,100.8374
16,8,3584,5120,60.7998,79.104
16,8,4096,2560,35.6478,45.9516
16,8,4096,6656,89.3242,116.0568
16,8,4608,4096,62.4702,81.177
16,8,4608,8192,122.8602,160.1334
16,8,5120,5632,94.1498,122.6108
1,2,1024,5120,68.7164,89.5098
1,2,1536,2560,52.089,67.3918
1,2,1536,6656,131.5636,171.7106
1,2,2048,4096,108.524,141.2598
1,2,2048,8192,214.5836,280.567
1,2,2560,5632,184.8814,241.374
1,2,3072,3072,121.8036,158.6482
1,2,3072,7168,280.8868,367.6632
1,2,3584,4608,211.2746,276.1964
1,2,4096,2048,108.447,141.2598
1,2,4096,6144,320.5346,419.8938
1,2,4608,3584,211.2428,276.4584
1,2,4608,7680,449.916,589.5236
1,2,5120,5120,333.9874,437.1672
1,4,1024,2560,68.6904,89.4646
1,4,1024,6656,174.7442,228.4584
1,4,1536,4096,161.4834,211.2812
1,4,1536,8192,320.5732,419.7976
1,4,2048,5632,294.0966,384.963
1,4,2560,3072,201.2268,263.2232
1,4,2560,7168,466.5174,611.0414
1,4,3072,4608,360.2912,471.6816
1,4,3584,2048,188.0748,245.7064
1,4,3584,6144,559.323,732.883
1,4,4096,3584,373.6416,489.3522
1,4,4096,7680,797.919,1045.8848
1,4,4608,5120,599.1242,785.068
1,4,5120,2560,334.077,437.1864
1,4,5120,6656,864.2096,1133.0204
1,8,1024,4096,214.4874,280.6888
1,8,1024,8192,426.5114,558.8618
1,8,1536,5632,439.9636,576.3594
1,8,2048,3072,322.6276,421.9552
1,8,2048,7168,749.5676,981.8214
1,8,2560,4608,602.8742,789.2344
1,8,3072,2048,322.6214,422.2168
1,8,3072,6144,962.9098,1261.0956
1,8,3584,3584,656.1732,859.1858
1,8,3584,7680,1403.181,1838.7098
1,8,4096,5120,1069.8402,1401.779
1,8,4608,2560,602.9066,789.2986
1,8,4608,6656,1563.512,2048.366
1,8,5120,4096,1069.8018,1401.7736
1,8,5120,8192,1069.904,1401.1456
2,2,1024,5632,39.1292,50.2332
2,2,1536,3072,32.0768,41.5868
2,2,1536,7168,72.4154,94.2454
2,2,2048,4608,62.3672,81.0934
2,2,2560,2048,35.6156,46.0412
2,2,2560,6144,102.5206,133.509
2,2,3072,3584,72.4664,94.1686
2,2,3072,7680,152.4084,199.2048
2,2,3584,5120,119.218,155.2436
2,2,4096,2560,69.0748,89.9254
2,2,4096,6656,175.9534,229.6492
2,2,4608,4096,122.655,159.6146
2,2,4608,8192,242.398,317.2062
2,2,5120,5632,185.8926,242.5832
2,4,1024,3072,42.4124,54.719
2,4,1024,7168,95.8262,124.7734
2,4,1536,4608,92.4664,120.3122
2,4,2048,2048,55.7368,72.4984
2,4,2048,6144,162.578,212.3564
2,4,2560,3584,119.1286,155.3202
2,4,2560,7680,252.4458,330.2246
2,4,3072,5120,202.4556,265.054
2,4,3584,2560,119.359,155.2754
2,4,3584,6656,305.9426,400.2464
2,4,4096,4096,216.0108,282.4488
2,4,4096,8192,429.385,561.8382
2,4,4608,5632,332.6434,434.9784
2,4,5120,3072,202.693,264.6698
2,4,5120,7168,469.4486,614.3108
2,8,1024,4608,122.6102,159.7164
2,8,1536,2048,82.5846,107.3014
2,8,1536,6144,242.6408,317.1874
2,8,2048,3584,189.2078,247.083
2,8,2048,7680,402.7422,527.0354
2,8,2560,5120,336.4194,439.4968
2,8,3072,2560,202.5392,264.5288
2,8,3072,6656,522.8942,684.122
2,8,3584,4096,375.9456,492.1556
2,8,3584,8192,749.5228,981.4822
2,8,4096,5632,589.4794,771.6666
2,8,4608,3072,362.6146,474.2936
2,8,4608,7168,842.994,1104.0092
2,8,5120,4608,602.791,789.2342
4,2,1024,2048,7.4112,10.0736
4,2,1024,6144,21.382,28.614
4,2,1536,3584,18.5406,25.2668
4,2,1536,7680,39.8584,51.5264
4,2,2048,5120,35.6028,45.9262
4,2,2560,2560,22.24,29.6126
4,2,2560,6656,56.6778,73.2154
4,2,3072,4096,42.406,54.8092
4,2,3072,8192,82.6296,107.3142
4,2,3584,5632,66.7642,86.6106
4,2,4096,3072,42.374,54.636
4,2,4096,7168,95.7816,124.7926
4,2,4608,4608,69.8614,90.943
4,2,5120,2048,35.577,45.958
4,2,5120,6144,102.4566,133.4708
4,4,1024,3584,24.9914,32.9216
4,4,1024,7680,52.4536,67.769
4,4,1536,5120,52.2688,67.7948
4,4,2048,2560,35.5774,46.0154
4,4,2048,6656,89.228,115.9926
4,4,2560,4096,69.1,89.8552
4,4,2560,8192,135.7044,177.419
4,4,3072,5632,112.4214,146.539
4,4,3584,3072,72.5112,94.2134
4,4,3584,7168,166.0846,216.638
4,4,4096,4608,122.5076,159.5634
4,4,4608,2048,62.476,81.1958
4,4,4608,6144,182.5004,238.34
4,4,5120,3584,119.103,155.391
4,4,5120,7680,252.5738,330.173
4,8,1024,5120,68.9914,89.9638
4,8,1536,2560,52.4666,67.7946
4,8,1536,6656,132.5108,172.5936
4,8,2048,4096,109.1572,142.0406
4,8,2048,8192,215.8892,282.186
4,8,2560,5632,185.9376,242.6348
4,8,3072,3072,122.4756,159.7812
4,8,3072,7168,282.5826,369.6664
4,8,3584,4608,212.5742,277.7126
4,8,4096,2048,109.1062,142.0016
4,8,4096,6144,322.6788,422.0504
4,8,4608,3584,212.5036,277.8984
4,8,4608,7680,452.6614,592.4746
4,8,5120,5120,335.8882,439.9576
8,2,1024,2560,5.2224,6.4
8,2,1024,6656,11.2766,16.5312
8,2,1536,4096,10.2846,15.4492
8,2,1536,8192,21.4078,28.5888
8,2,2048,5632,19.4558,26.4508
8,2,2560,3072,12.8186,18.6816
8,2,2560,7168,31.4816,40.428
8,2,3072,4608,24.1534,31.7502
8,2,3584,2048,11.9616,17.4782
8,2,3584,6144,37.3822,48.0698
8,2,4096,3584,25.0748,32.902
8,2,4096,7680,52.3834,67.9164
8,2,4608,5120,40.0122,51.4296
8,2,5120,2560,22.227,29.5488
8,2,5120,6656,56.6268,73.7078
8,4,1024,4096,13.6574,19.7184
8,4,1024,8192,28.697,37.2088
8,4,1536,5632,29.5616,38.4128
8,4,2048,3072,21.2992,28.6012
8,4,2048,7168,49.094,63.315
8,4,2560,4608,39.8072,51.4428
8,4,3072,2048,21.337,28.5822
8,4,3072,6144,62.342,81.0364
8,4,3584,3584,43.2508,55.7814
8,4,3584,7680,89.9512,117.1254
8,4,4096,5120,69.1836,89.9642
8,4,4608,2560,39.8398,51.4362
8,4,4608,6656,99.999,130.1682
8,4,5120,4096,69.081,89.913
8,4,5120,8192,135.7746,177.2018
8,8,1024,5632,38.886,50.3808
8,8,1536,3072,31.9936,41.5868
8,8,1536,7168,72.4792,94.1618
8,8,2048,4608,62.3866,81.1894
8,8,2560,2048,35.5516,46.227
8,8,2560,6144,102.495,133.4454
8,8,3072,3584,72.4086,94.2134
8,8,3072,7680,152.4144,199.1852
8,8,3584,5120,119.359,155.4738
8,8,4096,2560,69.2344,89.8806
8,8,4096,6656,175.6592,229.8924
8,8,4608,4096,122.501,159.5764
8,8,4608,8192,242.5066,317.1558
8,8,5120,5632,186.008,242.558
16,2,1024,3072,3.6608,4.3584
16,2,1024,7168,6.7072,8.7676
16,2,1536,4608,6.5536,8.3264
16,2,2048,2048,4.4544,5.344
16,2,2048,6144,10.2912,15.4816
16,2,2560,3584,7.936,11.4426
16,2,2560,7680,16.3582,22.7642
16,2,3072,5120,12.8382,18.7388
16,2,3584,2560,7.9424,11.424
16,2,3584,6656,20.1468,27.174
16,2,4096,4096,13.6192,19.776
16,2,4096,8192,28.6912,37.3312
16,2,4608,5632,22.0352,29.3628
16,2,5120,3072,12.8444,18.7134
16,2,5120,7168,31.1742,40.4922
16,4,1024,4608,8.1024,11.7628
16,4,1536,2048,5.9264,7.4304
16,4,1536,6144,15.59,21.9968
16,4,2048,3584,11.9936,17.5294
16,4,2048,7680,26.7708,35.014
16,4,2560,5120,22.2908,29.5486
16,4,3072,2560,12.838,18.7392
16,4,3072,6656,34.617,44.889
16,4,3584,4096,25.0238,32.8572
16,4,3584,8192,48.9788,63.4554
16,4,4096,5632,38.982,50.2454
16,4,4608,3072,24.147,31.801
16,4,4608,7168,55.0332,70.9944
16,4,5120,4608,39.897,51.3978
16,8,1024,2048,7.411,10.0864
16,8,1024,6144,21.4014,28.7934
16,8,1536,3584,18.6048,25.2094
16,8,1536,7680,39.9158,51.4044
16,8,2048,5120,35.6606,45.9574
16,8,2560,2560,22.2652,29.6054
16,8,2560,6656,56.6008,73.631
16,8,3072,4096,42.3294,54.6752
16,8,3072,8192,82.476,107.359
16,8,3584,5632,66.7898,86.5334
16,8,4096,3072,42.3872,54.6752
16,8,4096,7168,95.871,124.8246
16,8,4608,4608,69.977,90.9558
16,8,5120,2048,35.7052,45.9898
16,8,5120,6144,102.4568,133.4902
