mp,b,h,l,F_dur(us),B_dur(us)
1.0,2.0,16.0,4608.0,3591.2,4777.6
1.0,2.0,24.0,4096.0,3070.0,5458.0
1.0,2.0,32.0,3584.0,3921.8,6235.2
1.0,2.0,40.0,3072.0,3901.6,5629.0
1.0,2.0,48.0,2560.0,2964.4,4493.4
1.0,2.0,56.0,2048.0,1646.0,3185.6
1.0,2.0,64.0,1536.0,1728.0,2314.2
1.0,2.0,72.0,1024.0,419.8,1088.0
1.0,2.0,72.0,5120.0,18593.2,27072.4
1.0,2.0,80.0,4608.0,16432.4,23784.6
1.0,4.0,16.0,4096.0,3870.4,7280.2
1.0,4.0,24.0,3584.0,6071.8,9379.8
1.0,4.0,32.0,3072.0,5587.8,8858.2
1.0,4.0,40.0,2560.0,4932.0,7504.0
1.0,4.0,48.0,2048.0,2816.4,5459.2
1.0,4.0,56.0,1536.0,3006.6,4041.4
1.0,4.0,64.0,1024.0,838.2,1975.2
1.0,8.0,16.0,3584.0,7849.0,12447.4
1.0,8.0,24.0,3072.0,8375.2,13264.6
1.0,8.0,32.0,2560.0,7543.2,11975.6
1.0,8.0,40.0,2048.0,4677.4,9094.6
1.0,8.0,48.0,1536.0,4273.0,6694.4
1.0,8.0,56.0,1024.0,1456.0,3451.4
2.0,2.0,16.0,3072.0,714.0,1114.4
2.0,2.0,24.0,2560.0,718.0,1135.4
2.0,2.0,32.0,2048.0,479.8,918.8
2.0,2.0,40.0,1536.0,461.6,712.8
2.0,2.0,48.0,1024.0,170.8,383.8
2.0,2.0,48.0,5120.0,6205.6,9046.2
2.0,2.0,56.0,4608.0,5762.2,8344.6
2.0,2.0,64.0,4096.0,3704.4,7284.2
2.0,2.0,72.0,3584.0,4777.6,7082.4
2.0,2.0,80.0,3072.0,3502.4,5544.8
2.0,4.0,16.0,2560.0,1160.8,1538.4
2.0,4.0,24.0,2048.0,712.2,1373.8
2.0,4.0,32.0,1536.0,726.2,1119.8
2.0,4.0,40.0,1024.0,241.0,609.4
2.0,4.0,40.0,5120.0,10335.6,15051.0
2.0,4.0,48.0,4608.0,9864.8,14280.8
2.0,4.0,56.0,4096.0,6510.0,12751.2
2.0,4.0,64.0,3584.0,7815.4,12451.2
2.0,4.0,72.0,3072.0,6294.0,9965.0
2.0,4.0,80.0,2560.0,4723.0,7490.0
2.0,8.0,16.0,2048.0,945.6,1828.4
2.0,8.0,24.0,1536.0,1301.2,1739.6
2.0,8.0,32.0,1024.0,376.2,984.6
2.0,8.0,32.0,5120.0,16534.0,24049.6
2.0,8.0,40.0,4608.0,16437.2,23791.8
2.0,8.0,48.0,4096.0,11148.0,21852.0
2.0,8.0,56.0,3584.0,13674.0,21783.0
2.0,8.0,64.0,3072.0,11181.4,17712.4
2.0,8.0,72.0,2560.0,8499.0,13464.8
2.0,8.0,80.0,2048.0,4777.8,9089.8
4.0,2.0,16.0,1536.0,123.6,162.8
4.0,2.0,24.0,1024.0,54.6,107.6
4.0,2.0,24.0,5120.0,1560.0,2273.8
4.0,2.0,32.0,4608.0,2018.0,2430.6
4.0,2.0,40.0,4096.0,1318.0,2281.0
4.0,2.0,48.0,3584.0,1486.0,2346.8
4.0,2.0,56.0,3072.0,1494.0,2026.0
4.0,2.0,64.0,2560.0,952.4,1507.8
4.0,2.0,72.0,2048.0,654.4,1032.6
4.0,2.0,80.0,1536.0,461.2,713.2
4.0,4.0,16.0,1024.0,68.0,138.6
4.0,4.0,16.0,5120.0,2521.0,3112.6
4.0,4.0,24.0,4608.0,3020.0,3632.0
4.0,4.0,32.0,4096.0,2027.2,3650.2
4.0,4.0,40.0,3584.0,2462.0,3900.0
4.0,4.0,48.0,3072.0,2372.4,3388.0
4.0,4.0,56.0,2560.0,2022.0,2674.4
4.0,4.0,64.0,2048.0,1151.4,1828.2
4.0,4.0,72.0,1536.0,814.4,1272.4
4.0,4.0,80.0,1024.0,273.0,622.2
4.0,4.0,80.0,5120.0,10335.0,15052.2
4.0,8.0,16.0,4608.0,3879.8,4806.2
4.0,8.0,24.0,4096.0,2906.2,5468.4
4.0,8.0,32.0,3584.0,3918.6,6233.2
4.0,8.0,40.0,3072.0,3648.0,5578.4
4.0,8.0,48.0,2560.0,2838.2,4496.4
4.0,8.0,56.0,2048.0,1645.0,3188.4
4.0,8.0,64.0,1536.0,1433.8,2244.8
4.0,8.0,72.0,1024.0,478.0,1111.2
4.0,8.0,72.0,5120.0,18602.0,27057.0
4.0,8.0,80.0,4608.0,16440.4,23791.8
8.0,2.0,16.0,4096.0,295.0,465.4
8.0,2.0,24.0,3584.0,464.6,635.0
8.0,2.0,32.0,3072.0,365.8,568.6
8.0,2.0,40.0,2560.0,366.0,493.4
8.0,2.0,48.0,2048.0,227.0,355.0
8.0,2.0,56.0,1536.0,189.0,265.4
8.0,2.0,64.0,1024.0,60.0,133.8
8.0,2.0,64.0,5120.0,2075.6,3018.8
8.0,2.0,72.0,4608.0,1861.4,2687.6
8.0,2.0,80.0,4096.0,1434.0,2287.0
8.0,4.0,16.0,3584.0,511.0,795.8
8.0,4.0,24.0,3072.0,650.0,877.0
8.0,4.0,32.0,2560.0,482.0,765.2
8.0,4.0,40.0,2048.0,304.0,578.4
8.0,4.0,48.0,1536.0,338.0,450.6
8.0,4.0,56.0,1024.0,106.6,229.6
8.0,4.0,56.0,5120.0,3630.2,5278.6
8.0,4.0,64.0,4608.0,3297.2,4766.2
8.0,4.0,72.0,4096.0,2092.2,4105.2
8.0,4.0,80.0,3584.0,2461.8,3903.2
8.0,8.0,16.0,3072.0,713.6,1114.8
8.0,8.0,24.0,2560.0,873.0,1158.8
8.0,8.0,32.0,2048.0,479.0,918.8
8.0,8.0,40.0,1536.0,461.4,712.8
8.0,8.0,48.0,1024.0,170.0,384.0
8.0,8.0,48.0,5120.0,6226.0,9042.4
8.0,8.0,56.0,4608.0,5760.4,8347.0
8.0,8.0,64.0,4096.0,4041.0,7283.6
8.0,8.0,72.0,3584.0,4684.6,7075.4
8.0,8.0,80.0,3072.0,3502.2,5545.4
16.0,2.0,16.0,2560.0,77.0,109.0
16.0,2.0,32.0,1536.0,66.6,88.4
16.0,2.0,48.0,4608.0,628.0,905.0
16.0,2.0,64.0,3584.0,511.2,796.2
16.0,2.0,80.0,2560.0,305.0,482.0
16.0,4.0,16.0,2048.0,71.0,126.4
16.0,4.0,32.0,1024.0,35.0,69.8
16.0,4.0,32.0,5120.0,1044.0,1516.0
16.0,4.0,48.0,4096.0,708.0,1375.2
16.0,4.0,64.0,3072.0,714.0,1115.4
16.0,4.0,80.0,2048.0,305.0,578.6
16.0,8.0,16.0,1536.0,112.0,158.4
16.0,8.0,32.0,4608.0,1656.0,2388.0
16.0,8.0,48.0,3584.0,1486.6,2345.6
16.0,8.0,64.0,2560.0,980.2,1510.2
16.0,8.0,80.0,1536.0,461.4,713.4
1.0,2.0,16.0,1024.0,119.0,258.0
1.0,2.0,16.0,5120.0,4127.8,6014.6
1.0,2.0,24.0,4608.0,5145.6,7145.6
1.0,2.0,32.0,4096.0,4033.0,7283.4
1.0,2.0,40.0,3584.0,5093.6,7832.2
1.0,2.0,48.0,3072.0,4186.8,6645.6
1.0,2.0,56.0,2560.0,3882.4,5299.0
1.0,2.0,64.0,2048.0,1872.6,3635.6
1.0,2.0,72.0,1536.0,1938.2,2603.4
1.0,2.0,80.0,1024.0,464.0,1224.2
1.0,2.0,80.0,5120.0,20593.8,30085.6
1.0,4.0,16.0,4608.0,6570.6,9525.6
1.0,4.0,24.0,4096.0,5551.4,10927.4
1.0,4.0,32.0,3584.0,7811.8,12444.2
1.0,4.0,40.0,3072.0,6988.6,11060.2
1.0,4.0,48.0,2560.0,5665.0,8985.4
1.0,4.0,56.0,2048.0,3573.0,6366.4
1.0,4.0,64.0,1536.0,2836.6,4465.0
1.0,4.0,72.0,1024.0,825.2,2184.2
1.0,8.0,16.0,4096.0,7371.8,14559.6
1.0,8.0,24.0,3584.0,11702.0,18639.2
1.0,8.0,32.0,3072.0,11145.4,17684.6
1.0,8.0,40.0,2560.0,9405.8,14946.2
1.0,8.0,48.0,2048.0,5592.4,10912.2
1.0,8.0,56.0,1536.0,4950.8,7800.0
1.0,8.0,64.0,1024.0,1478.8,3861.0
2.0,2.0,16.0,3584.0,997.0,1571.8
2.0,2.0,24.0,3072.0,1123.2,1681.6
2.0,2.0,32.0,2560.0,950.0,1509.6
2.0,2.0,40.0,2048.0,594.0,1145.2
2.0,2.0,48.0,1536.0,549.2,854.2
2.0,2.0,56.0,1024.0,172.4,439.6
2.0,2.0,56.0,5120.0,7214.8,10539.8
2.0,2.0,64.0,4608.0,6574.2,9523.2
2.0,2.0,72.0,4096.0,4545.2,8205.0
2.0,2.0,80.0,3584.0,5285.4,7872.0
2.0,4.0,16.0,3072.0,1407.0,2227.6
2.0,4.0,24.0,2560.0,1419.0,2256.6
2.0,4.0,32.0,2048.0,1109.8,1825.0
2.0,4.0,40.0,1536.0,901.2,1412.6
2.0,4.0,48.0,1024.0,284.6,746.4
2.0,4.0,48.0,5120.0,12365.2,18059.6
2.0,4.0,56.0,4608.0,11492.2,16671.2
2.0,4.0,64.0,4096.0,7373.4,14570.0
2.0,4.0,72.0,3584.0,8780.2,13995.4
2.0,4.0,80.0,3072.0,6970.0,11074.4
2.0,8.0,16.0,2560.0,1887.8,2996.8
2.0,8.0,24.0,2048.0,1413.4,2734.6
2.0,8.0,32.0,1536.0,1725.4,2311.4
2.0,8.0,40.0,1024.0,466.2,1216.2
2.0,8.0,40.0,5120.0,20598.0,30058.6
2.0,8.0,48.0,4608.0,19682.0,28539.8
2.0,8.0,56.0,4096.0,12911.0,25490.8
2.0,8.0,64.0,3584.0,15590.2,24876.6
2.0,8.0,72.0,3072.0,12518.2,19920.6
2.0,8.0,80.0,2560.0,9403.6,14954.0
4.0,2.0,16.0,2048.0,155.0,242.4
4.0,2.0,24.0,1536.0,178.0,234.4
4.0,2.0,32.0,1024.0,67.6,137.8
4.0,2.0,32.0,5120.0,2310.6,3051.0
4.0,2.0,40.0,4608.0,2518.4,3030.2
4.0,2.0,48.0,4096.0,1597.0,2734.8
4.0,2.0,56.0,3584.0,1727.2,2733.8
4.0,2.0,64.0,3072.0,1407.0,2227.2
4.0,2.0,72.0,2560.0,1068.0,1696.2
4.0,2.0,80.0,2048.0,724.2,1146.6
4.0,4.0,16.0,1536.0,232.0,309.2
4.0,4.0,24.0,1024.0,82.2,193.0
4.0,4.0,24.0,5120.0,3501.0,4581.0
4.0,4.0,32.0,4608.0,3295.2,4763.0
4.0,4.0,40.0,4096.0,2322.6,4556.2
4.0,4.0,48.0,3584.0,2939.6,4678.0
4.0,4.0,56.0,3072.0,2447.0,3881.6
4.0,4.0,64.0,2560.0,1887.4,2996.8
4.0,4.0,72.0,2048.0,1059.0,2052.6
4.0,4.0,80.0,1536.0,1087.6,1454.0
4.0,8.0,16.0,1024.0,104.6,252.6
4.0,8.0,16.0,5120.0,4125.8,6017.4
4.0,8.0,24.0,4608.0,4931.4,7145.4
4.0,8.0,32.0,4096.0,3860.6,7273.8
4.0,8.0,40.0,3584.0,5082.6,7861.0
4.0,8.0,48.0,3072.0,4189.4,6639.6
4.0,8.0,56.0,2560.0,3304.0,5244.2
4.0,8.0,64.0,2048.0,1872.6,3642.8
4.0,8.0,72.0,1536.0,1947.0,2587.4
4.0,8.0,80.0,1024.0,529.2,1228.6
4.0,8.0,80.0,5120.0,20593.4,30061.6
8.0,2.0,16.0,4608.0,513.8,613.6
8.0,2.0,24.0,4096.0,437.0,691.4
8.0,2.0,32.0,3584.0,511.8,795.8
8.0,2.0,40.0,3072.0,452.0,705.8
8.0,2.0,48.0,2560.0,397.6,575.6
8.0,2.0,56.0,2048.0,262.0,410.4
8.0,2.0,64.0,1536.0,215.4,302.8
8.0,2.0,72.0,1024.0,65.0,148.4
8.0,2.0,72.0,5120.0,2326.0,3396.8
8.0,2.0,80.0,4608.0,2063.6,2983.6
8.0,4.0,16.0,4096.0,580.0,920.4
8.0,4.0,24.0,3584.0,755.0,1181.2
8.0,4.0,32.0,3072.0,769.0,1131.2
8.0,4.0,40.0,2560.0,728.0,971.6
8.0,4.0,48.0,2048.0,361.6,694.0
8.0,4.0,56.0,1536.0,328.2,507.0
8.0,4.0,64.0,1024.0,104.8,253.4
8.0,4.0,64.0,5120.0,4158.8,6026.2
8.0,4.0,72.0,4608.0,3703.0,5363.0
8.0,4.0,80.0,4096.0,2323.0,4556.0
8.0,8.0,16.0,3584.0,1132.4,1625.2
8.0,8.0,24.0,3072.0,1060.8,1669.4
8.0,8.0,32.0,2560.0,1103.6,1526.8
8.0,8.0,40.0,2048.0,594.0,1146.6
8.0,8.0,48.0,1536.0,548.4,852.4
8.0,8.0,56.0,1024.0,196.0,446.4
8.0,8.0,56.0,5120.0,7246.8,10541.2
8.0,8.0,64.0,4608.0,6600.0,9524.4
8.0,8.0,72.0,4096.0,4180.0,8204.2
8.0,8.0,80.0,3584.0,5285.6,7878.0
16.0,2.0,16.0,3072.0,121.0,163.4
16.0,2.0,32.0,2048.0,83.0,129.0
16.0,2.0,48.0,1024.0,25.2,54.6
16.0,2.0,48.0,5120.0,783.0,1146.2
16.0,2.0,64.0,4096.0,471.0,920.4
16.0,2.0,80.0,3072.0,452.0,705.8
16.0,4.0,16.0,2560.0,128.6,202.4
16.0,4.0,32.0,1536.0,105.0,157.2
16.0,4.0,48.0,4608.0,1243.4,1801.8
16.0,4.0,64.0,3584.0,996.8,1573.0
16.0,4.0,80.0,2560.0,598.0,947.6
16.0,8.0,16.0,2048.0,129.0,240.8
16.0,8.0,32.0,1024.0,67.4,137.6
16.0,8.0,32.0,5120.0,2068.0,3016.0
16.0,8.0,48.0,4096.0,1403.0,2737.4
16.0,8.0,64.0,3072.0,1406.8,2227.2
16.0,8.0,80.0,2048.0,594.0,1146.2
1.0,2.0,16.0,1536.0,445.0,591.8
1.0,2.0,24.0,1024.0,150.0,374.4
1.0,2.0,24.0,5120.0,6187.6,9028.0
1.0,2.0,32.0,4608.0,6569.8,9520.0
1.0,2.0,40.0,4096.0,4622.0,9110.6
1.0,2.0,48.0,3584.0,5867.4,9341.0
1.0,2.0,56.0,3072.0,5312.2,7807.8
1.0,2.0,64.0,2560.0,3769.0,5986.8
1.0,2.0,72.0,2048.0,2457.2,4098.4
1.0,2.0,80.0,1536.0,1782.6,2794.8
1.0,4.0,16.0,1024.0,201.0,499.0
1.0,4.0,16.0,5120.0,8248.4,12031.2
1.0,4.0,24.0,4608.0,9862.4,14563.8
1.0,4.0,32.0,4096.0,7392.0,14551.4
1.0,4.0,40.0,3584.0,9728.6,15553.0
1.0,4.0,48.0,3072.0,8361.2,13280.0
1.0,4.0,56.0,2560.0,6584.2,10481.2
1.0,4.0,64.0,2048.0,3899.6,7276.4
1.0,4.0,72.0,1536.0,3729.4,5122.2
1.0,4.0,80.0,1024.0,913.4,2431.6
1.0,8.0,16.0,4608.0,13121.2,19061.4
1.0,8.0,24.0,4096.0,11063.8,21849.2
1.0,8.0,32.0,3584.0,15566.4,24876.0
1.0,8.0,40.0,3072.0,13910.0,22118.4
1.0,8.0,48.0,2560.0,11282.6,17967.6
1.0,8.0,56.0,2048.0,6523.2,12727.6
1.0,8.0,64.0,1536.0,5891.4,8919.6
1.0,8.0,72.0,1024.0,1706.0,4366.8
2.0,2.0,16.0,4096.0,931.0,1831.0
2.0,2.0,24.0,3584.0,1481.4,2344.8
2.0,2.0,32.0,3072.0,1406.0,2225.0
2.0,2.0,40.0,2560.0,1184.8,1882.6
2.0,2.0,48.0,2048.0,771.0,1370.6
2.0,2.0,56.0,1536.0,659.6,997.2
2.0,2.0,64.0,1024.0,194.6,493.4
2.0,2.0,64.0,5120.0,8249.2,12044.0
2.0,2.0,72.0,4608.0,7401.8,10717.8
2.0,2.0,80.0,4096.0,4628.0,9115.6
2.0,4.0,16.0,3584.0,2372.0,3297.6
2.0,4.0,24.0,3072.0,2399.0,3406.0
2.0,4.0,32.0,2560.0,1889.4,2998.2
2.0,4.0,40.0,2048.0,1175.0,2282.6
2.0,4.0,48.0,1536.0,1300.4,1740.6
2.0,4.0,56.0,1024.0,330.4,863.0
2.0,4.0,56.0,5120.0,14417.4,21075.6
2.0,4.0,64.0,4608.0,13129.6,19060.0
2.0,4.0,72.0,4096.0,8305.6,16400.4
2.0,4.0,80.0,3584.0,9740.6,15544.4
2.0,8.0,16.0,3072.0,3268.2,4542.6
2.0,8.0,24.0,2560.0,3012.0,4516.8
2.0,8.0,32.0,2048.0,1872.2,3643.8
2.0,8.0,40.0,1536.0,1781.4,2797.8
2.0,8.0,48.0,1024.0,632.0,1490.4
2.0,8.0,48.0,5120.0,24725.2,36119.4
2.0,8.0,56.0,4608.0,22955.4,33330.8
2.0,8.0,64.0,4096.0,14773.2,29144.8
2.0,8.0,72.0,3584.0,17552.8,27972.6
2.0,8.0,80.0,3072.0,13937.6,22133.2
4.0,2.0,16.0,2560.0,298.0,397.4
4.0,2.0,24.0,2048.0,226.0,354.2
4.0,2.0,32.0,1536.0,217.8,302.0
4.0,2.0,40.0,1024.0,81.0,169.2
4.0,2.0,40.0,5120.0,2919.4,3819.6
4.0,2.0,48.0,4608.0,2471.6,3578.8
4.0,2.0,56.0,4096.0,1621.0,3194.6
4.0,2.0,64.0,3584.0,2296.6,3264.8
4.0,2.0,72.0,3072.0,1913.0,2599.6
4.0,2.0,80.0,2560.0,1445.0,1924.2
4.0,4.0,16.0,2048.0,245.0,464.4
4.0,4.0,24.0,1536.0,339.0,448.8
4.0,4.0,32.0,1024.0,119.0,261.6
4.0,4.0,32.0,5120.0,4129.0,6024.6
4.0,4.0,40.0,4608.0,4300.8,5961.8
4.0,4.0,48.0,4096.0,2771.0,5464.4
4.0,4.0,56.0,3584.0,3579.2,5502.0
4.0,4.0,64.0,3072.0,2794.4,4437.4
4.0,4.0,72.0,2560.0,2125.0,3378.8
4.0,4.0,80.0,2048.0,1175.0,2281.6
4.0,8.0,16.0,1536.0,445.2,593.4
4.0,8.0,24.0,1024.0,150.0,375.6
4.0,8.0,24.0,5120.0,6184.0,9039.4
4.0,8.0,32.0,4608.0,6767.6,9535.2
4.0,8.0,40.0,4096.0,4822.8,9112.0
4.0,8.0,48.0,3584.0,5857.8,9339.6
4.0,8.0,56.0,3072.0,4888.0,7746.8
4.0,8.0,64.0,2560.0,3769.0,5988.0
4.0,8.0,72.0,2048.0,2480.0,4094.6
4.0,8.0,80.0,1536.0,2155.2,2887.0
8.0,2.0,16.0,1024.0,19.0,31.0
8.0,2.0,16.0,5120.0,525.0,769.4
8.0,2.0,24.0,4608.0,765.0,925.2
8.0,2.0,32.0,4096.0,474.0,921.6
8.0,2.0,40.0,3584.0,633.0,991.0
8.0,2.0,48.0,3072.0,650.0,876.6
8.0,2.0,56.0,2560.0,453.0,670.8
8.0,2.0,64.0,2048.0,245.0,464.8
8.0,2.0,72.0,1536.0,258.6,344.4
8.0,2.0,80.0,1024.0,80.2,169.0
8.0,2.0,80.0,5120.0,2637.0,3781.8
8.0,4.0,16.0,4608.0,833.2,1200.6
8.0,4.0,24.0,4096.0,701.2,1374.8
8.0,4.0,32.0,3584.0,1197.4,1658.0
8.0,4.0,40.0,3072.0,885.6,1401.8
8.0,4.0,48.0,2560.0,871.2,1160.4
8.0,4.0,56.0,2048.0,419.8,807.0
8.0,4.0,64.0,1536.0,446.0,592.6
8.0,4.0,72.0,1024.0,132.0,291.8
8.0,4.0,72.0,5120.0,4858.4,6777.4
8.0,4.0,80.0,4608.0,4357.2,5959.6
8.0,8.0,16.0,4096.0,931.6,1830.4
8.0,8.0,24.0,3584.0,1788.8,2478.4
8.0,8.0,32.0,3072.0,1407.0,2227.0
8.0,8.0,40.0,2560.0,1444.8,1913.2
8.0,8.0,48.0,2048.0,866.0,1374.8
8.0,8.0,56.0,1536.0,636.0,992.0
8.0,8.0,64.0,1024.0,222.0,513.4
8.0,8.0,64.0,5120.0,8247.0,12043.4
8.0,8.0,72.0,4608.0,7391.0,10721.6
8.0,8.0,80.0,4096.0,4611.6,9112.4
16.0,2.0,16.0,3584.0,167.0,224.4
16.0,2.0,32.0,2560.0,154.0,207.0
16.0,2.0,48.0,1536.0,82.2,121.8
16.0,2.0,64.0,4608.0,832.8,1201.8
16.0,2.0,80.0,3584.0,633.0,991.0
16.0,4.0,16.0,3072.0,191.0,296.2
16.0,4.0,32.0,2048.0,129.0,240.6
16.0,4.0,48.0,1024.0,48.0,103.8
16.0,4.0,48.0,5120.0,1705.0,2292.0
16.0,4.0,64.0,4096.0,931.2,1830.8
16.0,4.0,80.0,3072.0,1032.2,1435.4
16.0,8.0,16.0,2560.0,246.0,389.2
16.0,8.0,32.0,1536.0,195.8,297.0
16.0,8.0,48.0,4608.0,2472.8,3579.2
16.0,8.0,64.0,3584.0,1974.0,3128.0
16.0,8.0,80.0,2560.0,1184.6,1884.0
1.0,2.0,16.0,2048.0,581.6,918.2
1.0,2.0,24.0,1536.0,549.0,855.0
1.0,2.0,32.0,1024.0,194.0,494.6
1.0,2.0,32.0,5120.0,8242.0,12028.2
1.0,2.0,40.0,4608.0,8205.6,11905.2
1.0,2.0,48.0,4096.0,5538.2,10926.0
1.0,2.0,56.0,3584.0,6831.6,10898.0
1.0,2.0,64.0,3072.0,5871.4,8892.2
1.0,2.0,72.0,2560.0,4608.6,6754.0
1.0,2.0,80.0,2048.0,2341.0,4550.8
1.0,4.0,16.0,1536.0,724.6,1120.8
1.0,4.0,24.0,1024.0,323.8,740.2
1.0,4.0,24.0,5120.0,12384.8,18409.2
1.0,4.0,32.0,4608.0,13122.0,19040.0
1.0,4.0,40.0,4096.0,9230.6,18214.4
1.0,4.0,48.0,3584.0,11691.8,18666.2
1.0,4.0,56.0,3072.0,9745.2,15479.0
1.0,4.0,64.0,2560.0,7520.6,11971.0
1.0,4.0,72.0,2048.0,4198.8,8188.4
1.0,4.0,80.0,1536.0,3871.0,5625.6
1.0,8.0,16.0,1024.0,427.0,1011.2
1.0,8.0,16.0,5120.0,16475.4,24159.4
1.0,8.0,24.0,4608.0,19674.2,28548.4
1.0,8.0,32.0,4096.0,14764.6,29123.8
1.0,8.0,40.0,3584.0,19453.2,31079.6
1.0,8.0,48.0,3072.0,16681.8,26537.0
1.0,8.0,56.0,2560.0,13147.2,20946.2
1.0,8.0,64.0,2048.0,7453.2,14543.6
1.0,8.0,72.0,1536.0,6362.6,10023.0
1.0,8.0,80.0,1024.0,1984.6,4878.6
2.0,2.0,16.0,4608.0,1653.8,2388.0
2.0,2.0,24.0,4096.0,1395.8,2739.8
2.0,2.0,32.0,3584.0,2371.8,3299.2
2.0,2.0,40.0,3072.0,1979.4,2827.8
2.0,2.0,48.0,2560.0,1731.2,2301.2
2.0,2.0,56.0,2048.0,826.2,1598.4
2.0,2.0,64.0,1536.0,724.6,1119.2
2.0,2.0,72.0,1024.0,247.0,565.0
2.0,2.0,72.0,5120.0,9277.6,13542.8
2.0,2.0,80.0,4608.0,8212.6,11901.6
2.0,4.0,16.0,4096.0,1866.6,3649.6
2.0,4.0,24.0,3584.0,2942.2,4678.2
2.0,4.0,32.0,3072.0,2793.2,4434.2
2.0,4.0,40.0,2560.0,2358.4,3750.0
2.0,4.0,48.0,2048.0,1408.0,2736.4
2.0,4.0,56.0,1536.0,1254.8,1958.6
2.0,4.0,64.0,1024.0,399.0,978.4
2.0,4.0,64.0,5120.0,16471.2,24051.6
2.0,4.0,72.0,4608.0,14769.0,21410.8
2.0,4.0,80.0,4096.0,9210.0,18217.0
2.0,8.0,16.0,3584.0,4236.2,6301.0
2.0,8.0,24.0,3072.0,4187.8,6638.2
2.0,8.0,32.0,2560.0,3765.8,5983.8
2.0,8.0,40.0,2048.0,2721.6,4553.8
2.0,8.0,48.0,1536.0,2135.0,3349.8
2.0,8.0,56.0,1024.0,734.2,1717.6
2.0,8.0,80.0,3584.0,19454.8,31076.6
4.0,2.0,16.0,3072.0,437.0,593.0
4.0,2.0,24.0,2560.0,363.2,570.4
4.0,2.0,32.0,2048.0,245.6,465.0
4.0,2.0,40.0,1536.0,240.6,361.4
4.0,2.0,48.0,1024.0,93.4,199.6
4.0,2.0,48.0,5120.0,3097.8,4521.0
4.0,2.0,56.0,4608.0,2881.6,4174.4
4.0,2.0,64.0,4096.0,2283.0,3651.6
4.0,2.0,72.0,3584.0,2667.6,3708.6
4.0,2.0,80.0,3072.0,2124.6,2888.8
4.0,4.0,16.0,2560.0,480.2,766.6
4.0,4.0,24.0,2048.0,439.6,691.0
4.0,4.0,32.0,1536.0,373.2,565.8
4.0,4.0,40.0,1024.0,127.0,313.4
4.0,4.0,40.0,5120.0,5156.8,7527.4
4.0,4.0,48.0,4608.0,4927.0,7141.0
4.0,4.0,56.0,4096.0,3231.4,6373.0
4.0,4.0,64.0,3584.0,4249.2,6305.8
4.0,4.0,72.0,3072.0,3145.0,4985.4
4.0,4.0,80.0,2560.0,2876.8,3814.0
4.0,8.0,16.0,2048.0,581.8,919.0
4.0,8.0,24.0,1536.0,548.0,855.2
4.0,8.0,32.0,1024.0,195.2,498.6
4.0,8.0,32.0,5120.0,8240.2,12050.8
4.0,8.0,40.0,4608.0,8210.6,11910.8
4.0,8.0,48.0,4096.0,5531.2,10930.0
4.0,8.0,56.0,3584.0,6824.2,10895.4
4.0,8.0,64.0,3072.0,5582.2,8860.4
4.0,8.0,72.0,2560.0,4248.6,6738.8
4.0,8.0,80.0,2048.0,2550.6,4553.4
8.0,2.0,16.0,1536.0,57.0,85.6
8.0,2.0,24.0,1024.0,25.0,53.4
8.0,2.0,24.0,5120.0,782.6,1143.8
8.0,2.0,32.0,4608.0,1015.6,1225.2
8.0,2.0,40.0,4096.0,587.0,1147.6
8.0,2.0,48.0,3584.0,905.8,1250.0
8.0,2.0,56.0,3072.0,627.0,988.6
8.0,2.0,64.0,2560.0,584.6,777.0
8.0,2.0,72.0,2048.0,333.0,523.0
8.0,2.0,80.0,1536.0,240.8,361.8
8.0,4.0,16.0,1024.0,35.0,70.0
8.0,4.0,16.0,5120.0,1264.8,1564.4
8.0,4.0,24.0,4608.0,1241.2,1800.6
8.0,4.0,32.0,4096.0,1143.2,1826.6
8.0,4.0,40.0,3584.0,1241.4,1961.4
8.0,4.0,48.0,3072.0,1283.2,1739.4
8.0,4.0,56.0,2560.0,904.0,1334.0
8.0,4.0,64.0,2048.0,582.0,920.4
8.0,4.0,72.0,1536.0,416.2,634.0
8.0,4.0,80.0,1024.0,144.8,322.8
8.0,4.0,80.0,5120.0,5157.4,7531.2
8.0,8.0,16.0,4608.0,2016.4,2428.2
8.0,8.0,24.0,4096.0,1713.0,2738.8
8.0,8.0,32.0,3584.0,1969.0,3125.4
8.0,8.0,40.0,3072.0,1755.8,2782.0
8.0,8.0,48.0,2560.0,1419.0,2255.8
8.0,8.0,56.0,2048.0,1010.2,1597.6
8.0,8.0,64.0,1536.0,726.0,1119.8
8.0,8.0,72.0,1024.0,247.0,566.6
8.0,8.0,72.0,5120.0,9273.0,13540.4
8.0,8.0,80.0,4608.0,8210.2,11909.2
16.0,2.0,16.0,4096.0,153.0,241.8
16.0,2.0,32.0,3072.0,191.0,294.8
16.0,2.0,48.0,2048.0,119.0,184.4
16.0,2.0,64.0,1024.0,35.0,70.6
16.0,2.0,64.0,5120.0,1039.8,1515.0
16.0,2.0,80.0,4096.0,586.8,1147.8
16.0,4.0,16.0,3584.0,267.4,405.0
16.0,4.0,32.0,2560.0,298.0,397.8
16.0,4.0,48.0,1536.0,151.0,226.4
16.0,4.0,64.0,4608.0,1650.8,2388.4
16.0,4.0,80.0,3584.0,1241.2,1962.4
16.0,8.0,16.0,3072.0,364.8,566.8
16.0,8.0,32.0,2048.0,297.0,465.2
16.0,8.0,48.0,1024.0,82.4,192.2
16.0,8.0,48.0,5120.0,3097.8,4520.6
16.0,8.0,64.0,4096.0,1860.0,3650.2
16.0,8.0,80.0,3072.0,1756.0,2785.8
1.0,2.0,16.0,2560.0,959.4,1510.0
1.0,2.0,24.0,2048.0,711.0,1372.2
1.0,2.0,32.0,1536.0,724.8,1118.6
1.0,2.0,40.0,1024.0,240.2,605.2
1.0,2.0,40.0,5120.0,10315.6,15043.6
1.0,2.0,48.0,4608.0,9848.8,14269.8
1.0,2.0,56.0,4096.0,6479.2,12739.4
1.0,2.0,64.0,3584.0,7814.4,12448.0
1.0,2.0,72.0,3072.0,6302.2,9970.0
1.0,2.0,80.0,2560.0,4715.0,7480.0
1.0,4.0,16.0,2048.0,1151.0,1825.4
1.0,4.0,24.0,1536.0,1077.0,1682.2
1.0,4.0,32.0,1024.0,426.0,1003.6
1.0,4.0,32.0,5120.0,16508.4,24267.8
1.0,4.0,40.0,4608.0,16402.4,23775.4
1.0,4.0,48.0,4096.0,11081.4,21841.4
1.0,4.0,56.0,3584.0,13637.6,21766.8
1.0,4.0,64.0,3072.0,11144.6,17694.6
1.0,4.0,72.0,2560.0,8472.2,13458.8
1.0,4.0,80.0,2048.0,4886.2,9097.4
1.0,8.0,16.0,1536.0,1614.6,2285.6
1.0,8.0,24.0,1024.0,632.2,1496.6
1.0,8.0,24.0,5120.0,24741.4,36136.4
1.0,8.0,64.0,2560.0,15060.6,23948.8
1.0,8.0,72.0,2048.0,8389.4,16370.6
1.0,8.0,80.0,1536.0,7076.8,11145.0
2.0,2.0,16.0,1024.0,67.0,137.2
2.0,2.0,16.0,5120.0,2206.0,3038.2
2.0,2.0,24.0,4608.0,2473.8,3580.0
2.0,2.0,32.0,4096.0,1863.0,3650.6
2.0,2.0,40.0,3584.0,2873.2,4034.2
2.0,2.0,48.0,3072.0,2543.4,3462.4
2.0,2.0,56.0,2560.0,1837.2,2647.6
2.0,2.0,64.0,2048.0,943.6,1828.8
2.0,2.0,72.0,1536.0,817.8,1271.8
2.0,2.0,80.0,1024.0,272.8,620.0
2.0,2.0,80.0,5120.0,10314.8,15042.0
2.0,4.0,16.0,4608.0,3734.8,4808.8
2.0,4.0,24.0,4096.0,2775.0,5463.2
2.0,4.0,32.0,3584.0,3914.4,6231.8
2.0,4.0,40.0,3072.0,3791.6,5599.4
2.0,4.0,48.0,2560.0,2832.8,4493.4
2.0,4.0,56.0,2048.0,1642.2,3189.0
2.0,4.0,64.0,1536.0,1430.4,2244.8
2.0,4.0,72.0,1024.0,447.4,1088.8
2.0,4.0,72.0,5120.0,18557.4,27094.4
2.0,4.0,80.0,4608.0,16403.4,23817.8
2.0,8.0,16.0,4096.0,4033.0,7286.6
2.0,8.0,24.0,3584.0,5858.4,9339.2
2.0,8.0,32.0,3072.0,5817.6,8860.4
2.0,8.0,40.0,2560.0,4731.2,7487.8
2.0,8.0,48.0,2048.0,3065.2,5459.4
2.0,8.0,56.0,1536.0,2488.6,3912.2
2.0,8.0,64.0,1024.0,737.0,1937.6
4.0,2.0,16.0,3584.0,512.2,795.4
4.0,2.0,24.0,3072.0,539.8,846.4
4.0,2.0,32.0,2560.0,585.0,777.8
4.0,2.0,40.0,2048.0,303.8,579.8
4.0,2.0,48.0,1536.0,283.0,436.8
4.0,2.0,56.0,1024.0,94.0,223.4
4.0,2.0,56.0,5120.0,3615.2,5273.8
4.0,2.0,64.0,4608.0,3291.6,4768.0
4.0,2.0,72.0,4096.0,2087.8,4104.4
4.0,2.0,80.0,3584.0,2961.0,4075.4
4.0,4.0,16.0,3072.0,860.6,1165.2
4.0,4.0,24.0,2560.0,871.8,1158.6
4.0,4.0,32.0,2048.0,478.0,918.4
4.0,4.0,40.0,1536.0,466.2,710.2
4.0,4.0,48.0,1024.0,170.0,385.4
4.0,4.0,48.0,5120.0,6189.6,9038.0
4.0,4.0,56.0,4608.0,5751.2,8343.6
4.0,4.0,64.0,4096.0,4032.6,7284.8
4.0,4.0,72.0,3584.0,4436.8,7016.2
4.0,4.0,80.0,3072.0,3496.4,5538.8
4.0,8.0,16.0,2560.0,951.0,1507.2
4.0,8.0,24.0,2048.0,867.0,1376.4
4.0,8.0,32.0,1536.0,728.0,1119.8
4.0,8.0,40.0,1024.0,273.0,623.4
4.0,8.0,40.0,5120.0,10316.4,15051.8
4.0,8.0,48.0,4608.0,9864.4,14290.0
4.0,8.0,56.0,4096.0,6471.8,12745.8
4.0,8.0,64.0,3584.0,7804.2,12449.4
4.0,8.0,72.0,3072.0,6279.4,9963.6
4.0,8.0,80.0,2560.0,4713.6,7486.4
8.0,2.0,16.0,2048.0,83.0,128.2
8.0,2.0,24.0,1536.0,82.2,121.6
8.0,2.0,32.0,1024.0,35.0,70.4
8.0,2.0,32.0,5120.0,1041.0,1517.6
8.0,2.0,40.0,4608.0,1225.0,1514.8
8.0,2.0,48.0,4096.0,702.6,1374.2
8.0,2.0,56.0,3584.0,907.8,1387.0
8.0,2.0,64.0,3072.0,860.6,1165.2
8.0,2.0,72.0,2560.0,540.0,856.6
8.0,2.0,80.0,2048.0,368.6,580.8
8.0,4.0,16.0,1536.0,118.0,161.2
8.0,4.0,24.0,1024.0,48.0,103.8
8.0,4.0,24.0,5120.0,1556.0,2269.2
8.0,4.0,32.0,4608.0,2015.8,2427.4
8.0,4.0,40.0,4096.0,1427.0,2286.0
8.0,4.0,48.0,3584.0,1485.6,2347.2
8.0,4.0,56.0,3072.0,1233.6,1954.8
8.0,4.0,64.0,2560.0,1158.0,1541.6
8.0,4.0,72.0,2048.0,537.0,1032.8
8.0,4.0,80.0,1536.0,552.8,730.8
8.0,8.0,16.0,1024.0,68.0,138.4
8.0,8.0,16.0,5120.0,2070.6,3019.4
8.0,8.0,24.0,4608.0,2692.0,3601.0
8.0,8.0,32.0,4096.0,1860.4,3651.4
8.0,8.0,40.0,3584.0,2457.2,3903.8
8.0,8.0,48.0,3072.0,2103.4,3335.4
8.0,8.0,56.0,2560.0,2020.0,2688.0
8.0,8.0,64.0,2048.0,1151.0,1827.2
8.0,8.0,72.0,1536.0,814.0,1273.8
8.0,8.0,80.0,1024.0,273.0,624.4
8.0,8.0,80.0,5120.0,10316.4,15053.0
16.0,2.0,16.0,4608.0,263.4,322.4
16.0,2.0,32.0,3584.0,268.0,405.6
16.0,2.0,48.0,2560.0,187.0,296.0
16.0,2.0,64.0,1536.0,105.0,156.6
16.0,2.0,80.0,4608.0,1038.2,1496.0
16.0,4.0,16.0,4096.0,242.0,465.4
16.0,4.0,32.0,3072.0,365.0,567.0
16.0,4.0,48.0,2048.0,187.0,354.2
16.0,4.0,64.0,1024.0,60.0,133.4
16.0,4.0,64.0,5120.0,2070.6,3019.8
16.0,4.0,80.0,4096.0,1268.2,2285.4
16.0,8.0,16.0,3584.0,534.8,803.0
16.0,8.0,32.0,2560.0,527.0,768.0
16.0,8.0,48.0,1536.0,283.0,434.6
16.0,8.0,64.0,4608.0,3291.6,4767.4
16.0,8.0,80.0,3584.0,2457.6,3901.8
1.0,2.0,16.0,3072.0,1701.0,2308.8
1.0,2.0,24.0,2560.0,1424.6,2260.0
1.0,2.0,32.0,2048.0,1150.8,1825.4
1.0,2.0,40.0,1536.0,901.4,1410.0
1.0,2.0,48.0,1024.0,324.0,740.2
1.0,2.0,48.0,5120.0,12377.6,18063.4
1.0,2.0,56.0,4608.0,11497.4,16669.4
1.0,2.0,64.0,4096.0,7404.0,14566.2
1.0,2.0,72.0,3584.0,8790.6,14004.8
1.0,2.0,80.0,3072.0,6975.4,11064.6
1.0,4.0,16.0,2560.0,2140.6,3026.0
1.0,4.0,24.0,2048.0,1410.0,2734.4
1.0,4.0,32.0,1536.0,1430.6,2243.0
1.0,4.0,40.0,1024.0,471.6,1224.0
1.0,4.0,40.0,5120.0,20621.4,30065.4
1.0,4.0,48.0,4608.0,19700.8,28543.8
1.0,4.0,56.0,4096.0,12943.2,25487.2
1.0,4.0,64.0,3584.0,15605.4,24867.0
1.0,4.0,72.0,3072.0,12543.4,19909.0
1.0,4.0,80.0,2560.0,9410.0,14958.0
1.0,8.0,16.0,2048.0,1875.0,3642.4
1.0,8.0,24.0,1536.0,2137.0,3352.6
1.0,8.0,32.0,1024.0,734.8,1926.2
1.0,8.0,80.0,2048.0,9329.4,18189.0
2.0,2.0,16.0,1536.0,232.0,308.8
2.0,2.0,24.0,1024.0,83.0,192.0
2.0,2.0,24.0,5120.0,3102.0,4521.2
2.0,2.0,32.0,4608.0,3296.2,4769.4
2.0,2.0,40.0,4096.0,2314.8,4559.8
2.0,2.0,48.0,3584.0,2945.6,4678.2
2.0,2.0,56.0,3072.0,2451.6,3881.0
2.0,2.0,64.0,2560.0,1891.2,2999.8
2.0,2.0,72.0,2048.0,1295.0,2057.2
2.0,2.0,80.0,1536.0,964.0,1430.0
2.0,4.0,16.0,1024.0,107.8,254.4
2.0,4.0,16.0,5120.0,4324.0,6025.0
2.0,4.0,24.0,4608.0,4934.0,7144.4
2.0,4.0,32.0,4096.0,3713.0,7282.6
2.0,4.0,40.0,3584.0,4887.6,7784.2
2.0,4.0,48.0,3072.0,4343.4,6645.2
2.0,4.0,56.0,2560.0,3801.0,5296.0
2.0,4.0,64.0,2048.0,1875.0,3643.6
2.0,4.0,72.0,1536.0,1608.2,2516.2
2.0,4.0,80.0,1024.0,530.0,1233.6
2.0,8.0,16.0,4608.0,6572.4,9514.4
2.0,8.0,24.0,4096.0,5583.6,10932.8
2.0,8.0,32.0,3584.0,7802.6,12444.0
2.0,8.0,40.0,3072.0,6979.6,11065.6
2.0,8.0,48.0,2560.0,5654.8,8977.0
2.0,8.0,56.0,2048.0,3271.8,6365.6
2.0,8.0,64.0,1536.0,3028.8,4500.0
2.0,8.0,72.0,1024.0,828.4,2179.6
4.0,2.0,16.0,4096.0,476.4,920.8
4.0,2.0,24.0,3584.0,754.2,1181.0
4.0,2.0,32.0,3072.0,712.6,1114.0
4.0,2.0,40.0,2560.0,599.0,949.2
4.0,2.0,48.0,2048.0,440.0,690.6
4.0,2.0,56.0,1536.0,392.4,523.8
4.0,2.0,64.0,1024.0,105.0,254.8
4.0,2.0,64.0,5120.0,4131.4,6020.4
4.0,2.0,72.0,4608.0,4080.0,5395.2
4.0,2.0,80.0,4096.0,2319.0,4560.2
4.0,4.0,16.0,3584.0,1054.4,1592.2
4.0,4.0,24.0,3072.0,1061.2,1668.2
4.0,4.0,32.0,2560.0,1001.4,1513.4
4.0,4.0,40.0,2048.0,595.2,1147.4
4.0,4.0,48.0,1536.0,659.2,878.8
4.0,4.0,56.0,1024.0,172.2,437.6
4.0,4.0,56.0,5120.0,7224.0,10537.0
4.0,4.0,64.0,4608.0,6574.2,9517.6
4.0,4.0,72.0,4096.0,4348.2,8203.4
4.0,4.0,80.0,3584.0,4894.6,7782.4
4.0,8.0,16.0,3072.0,1704.0,2314.2
4.0,8.0,24.0,2560.0,1733.0,2303.0
4.0,8.0,32.0,2048.0,963.6,1827.8
4.0,8.0,40.0,1536.0,902.0,1413.6
4.0,8.0,48.0,1024.0,284.6,743.4
4.0,8.0,48.0,5120.0,12376.4,18041.4
4.0,8.0,56.0,4608.0,11500.6,16666.0
4.0,8.0,64.0,4096.0,7382.8,14558.2
4.0,8.0,72.0,3584.0,8802.0,13996.6
4.0,8.0,80.0,3072.0,6979.4,11065.8
8.0,2.0,16.0,2560.0,155.0,207.2
8.0,2.0,24.0,2048.0,100.0,183.6
8.0,2.0,32.0,1536.0,105.0,156.4
8.0,2.0,40.0,1024.0,46.2,91.2
8.0,2.0,40.0,5120.0,1579.8,1954.0
8.0,2.0,48.0,4608.0,1517.6,1822.4
8.0,2.0,56.0,4096.0,821.0,1602.8
8.0,2.0,64.0,3584.0,1198.8,1657.8
8.0,2.0,72.0,3072.0,801.0,1260.4
8.0,2.0,80.0,2560.0,728.4,972.2
8.0,4.0,16.0,2048.0,155.0,242.8
8.0,4.0,24.0,1536.0,151.0,225.0
8.0,4.0,32.0,1024.0,60.0,134.2
8.0,4.0,32.0,5120.0,2520.2,3115.2
8.0,4.0,40.0,4608.0,2520.4,3030.2
8.0,4.0,48.0,4096.0,1718.0,2738.8
8.0,4.0,56.0,3584.0,2082.4,2888.6
8.0,4.0,64.0,3072.0,1466.0,2235.4
8.0,4.0,72.0,2560.0,1068.2,1694.2
8.0,4.0,80.0,2048.0,725.0,1148.2
8.0,8.0,16.0,1536.0,196.0,298.0
8.0,8.0,24.0,1024.0,94.0,199.0
8.0,8.0,24.0,5120.0,3368.0,4581.6
8.0,8.0,32.0,4608.0,3293.8,4766.0
8.0,8.0,40.0,4096.0,2319.0,4560.2
8.0,8.0,48.0,3584.0,3429.2,4888.2
8.0,8.0,56.0,3072.0,2761.8,3954.4
8.0,8.0,64.0,2560.0,2157.0,3041.0
8.0,8.0,72.0,2048.0,1296.4,2054.4
8.0,8.0,80.0,1536.0,992.2,1434.0
16.0,2.0,16.0,1024.0,14.2,22.0
16.0,2.0,16.0,5120.0,304.0,396.8
16.0,2.0,32.0,4096.0,242.0,465.6
16.0,2.0,48.0,3072.0,278.0,431.2
16.0,2.0,64.0,2048.0,129.0,240.2
16.0,2.0,80.0,1024.0,41.0,89.2
16.0,2.0,80.0,5120.0,1299.0,1897.2
16.0,4.0,16.0,4608.0,514.0,612.4
16.0,4.0,32.0,3584.0,513.8,798.0
16.0,4.0,48.0,2560.0,374.0,572.6
16.0,4.0,64.0,1536.0,196.0,297.0
16.0,4.0,80.0,4608.0,2065.0,2979.8
16.0,8.0,16.0,4096.0,476.4,920.6
16.0,8.0,32.0,3072.0,712.2,1115.8
16.0,8.0,48.0,2048.0,440.0,690.6
16.0,8.0,64.0,1024.0,105.0,256.0
16.0,8.0,64.0,5120.0,4131.8,6019.6
16.0,8.0,80.0,4096.0,2319.0,4560.6
1.0,2.0,16.0,3584.0,2205.4,3188.2
1.0,2.0,24.0,3072.0,2457.2,3462.2
1.0,2.0,32.0,2560.0,1891.0,3002.6
1.0,2.0,40.0,2048.0,1280.4,2279.2
1.0,2.0,48.0,1536.0,1076.6,1683.8
1.0,2.0,56.0,1024.0,330.4,865.8
1.0,2.0,56.0,5120.0,14430.6,21067.4
1.0,2.0,64.0,4608.0,13134.0,19043.2
1.0,2.0,72.0,4096.0,8312.4,16398.6
1.0,2.0,80.0,3584.0,9752.2,15553.4
1.0,4.0,16.0,3072.0,2796.8,4435.4
1.0,4.0,24.0,2560.0,2831.4,4492.8
1.0,4.0,32.0,2048.0,2239.8,3641.8
1.0,4.0,40.0,1536.0,1782.4,2793.2
1.0,4.0,48.0,1024.0,553.8,1453.8
1.0,4.0,48.0,5120.0,24732.4,36120.0
1.0,4.0,56.0,4608.0,22961.8,33335.6
1.0,4.0,64.0,4096.0,14757.2,29119.2
1.0,4.0,72.0,3584.0,17509.4,27971.8
1.0,4.0,80.0,3072.0,13918.6,22121.0
1.0,8.0,16.0,2560.0,3771.6,5990.8
1.0,8.0,24.0,2048.0,2945.0,5453.8
1.0,8.0,32.0,1536.0,2838.2,4471.4
1.0,8.0,40.0,1024.0,918.6,2420.2
1.0,8.0,80.0,2560.0,18812.0,29896.4
2.0,2.0,16.0,2048.0,297.0,463.4
2.0,2.0,24.0,1536.0,282.2,436.6
2.0,2.0,32.0,1024.0,105.0,254.6
2.0,2.0,32.0,5120.0,4126.0,6024.0
2.0,2.0,40.0,4608.0,4485.4,5976.4
2.0,2.0,48.0,4096.0,2773.6,5468.4
2.0,2.0,56.0,3584.0,3424.8,5452.2
2.0,2.0,64.0,3072.0,2795.2,4433.4
2.0,2.0,72.0,2560.0,2125.6,3376.2
2.0,2.0,80.0,2048.0,1175.8,2280.4
2.0,4.0,16.0,1536.0,445.8,591.8
2.0,4.0,24.0,1024.0,149.4,371.8
2.0,4.0,24.0,5120.0,6185.0,9043.4
2.0,4.0,32.0,4608.0,6570.6,9532.0
2.0,4.0,40.0,4096.0,4619.0,9112.8
2.0,4.0,48.0,3584.0,5868.4,9347.0
2.0,4.0,56.0,3072.0,4900.8,7750.6
2.0,4.0,64.0,2560.0,3768.0,5988.6
2.0,4.0,72.0,2048.0,2105.6,4096.6
2.0,4.0,80.0,1536.0,1782.2,2793.0
2.0,8.0,16.0,1024.0,194.4,498.2
2.0,8.0,16.0,5120.0,8257.8,12046.2
2.0,8.0,24.0,4608.0,9850.2,14289.4
2.0,8.0,32.0,4096.0,7379.0,14575.2
2.0,8.0,40.0,3584.0,9747.6,15553.6
2.0,8.0,48.0,3072.0,8383.8,13275.6
2.0,8.0,56.0,2560.0,6591.8,10487.6
2.0,8.0,64.0,2048.0,3733.0,7276.4
2.0,8.0,72.0,1536.0,3189.6,5024.4
2.0,8.0,80.0,1024.0,914.0,2416.0
4.0,2.0,16.0,4608.0,832.4,1200.6
4.0,2.0,24.0,4096.0,702.0,1374.8
4.0,2.0,32.0,3584.0,996.0,1571.0
4.0,2.0,40.0,3072.0,884.4,1401.6
4.0,2.0,48.0,2560.0,715.2,1138.6
4.0,2.0,56.0,2048.0,420.0,806.8
4.0,2.0,64.0,1536.0,373.0,566.4
4.0,2.0,72.0,1024.0,116.0,285.4
4.0,2.0,72.0,5120.0,4644.4,6778.4
4.0,2.0,80.0,4608.0,4165.2,5962.4
4.0,4.0,16.0,4096.0,932.0,1830.0
4.0,4.0,24.0,3584.0,1484.6,2343.0
4.0,4.0,32.0,3072.0,1406.8,2226.2
4.0,4.0,40.0,2560.0,1185.2,1883.4
4.0,4.0,48.0,2048.0,711.0,1372.0
4.0,4.0,56.0,1536.0,690.2,1002.8
4.0,4.0,64.0,1024.0,194.2,497.8
4.0,4.0,64.0,5120.0,8279.2,12048.2
4.0,4.0,72.0,4608.0,7400.0,10725.6
4.0,4.0,80.0,4096.0,4618.4,9112.8
4.0,8.0,16.0,3584.0,1971.4,3119.4
4.0,8.0,24.0,3072.0,2550.8,3455.8
4.0,8.0,32.0,2560.0,1889.0,2995.6
4.0,8.0,40.0,2048.0,1279.4,2279.6
4.0,8.0,48.0,1536.0,1077.6,1684.0
4.0,8.0,56.0,1024.0,330.4,867.8
4.0,8.0,56.0,5120.0,14431.8,21063.2
4.0,8.0,64.0,4608.0,13128.0,19055.4
4.0,8.0,72.0,4096.0,8313.0,16403.4
4.0,8.0,80.0,3584.0,9746.2,15553.4
8.0,2.0,16.0,3072.0,227.0,307.6
8.0,2.0,24.0,2560.0,187.0,296.2
8.0,2.0,32.0,2048.0,129.0,240.2
8.0,2.0,40.0,1536.0,127.4,190.4
8.0,2.0,48.0,1024.0,48.0,103.4
8.0,2.0,48.0,5120.0,1555.0,2269.6
8.0,2.0,56.0,4608.0,1447.8,2092.4
8.0,2.0,64.0,4096.0,932.0,1830.2
8.0,2.0,72.0,3584.0,1118.4,1758.6
8.0,2.0,80.0,3072.0,885.0,1402.6
8.0,4.0,16.0,2560.0,246.0,388.6
8.0,4.0,24.0,2048.0,187.0,353.6
8.0,4.0,32.0,1536.0,195.0,297.2
8.0,4.0,40.0,1024.0,71.0,163.6
8.0,4.0,40.0,5120.0,2583.0,3773.4
8.0,4.0,48.0,4608.0,3016.2,3628.4
8.0,4.0,56.0,4096.0,1625.0,3194.0
8.0,4.0,64.0,3584.0,1971.8,3119.8
8.0,4.0,72.0,3072.0,1580.0,2496.0
8.0,4.0,80.0,2560.0,1444.6,1921.4
8.0,8.0,16.0,2048.0,245.2,464.0
8.0,8.0,24.0,1536.0,338.0,449.0
8.0,8.0,32.0,1024.0,104.8,254.8
8.0,8.0,32.0,5120.0,4126.6,6020.6
8.0,8.0,40.0,4608.0,4112.6,5958.6
8.0,8.0,48.0,4096.0,2773.0,5469.2
8.0,8.0,56.0,3584.0,3424.4,5454.4
8.0,8.0,64.0,3072.0,2795.4,4436.0
8.0,8.0,72.0,2560.0,2125.6,3377.0
8.0,8.0,80.0,2048.0,1436.0,2280.8
16.0,2.0,16.0,1536.0,27.0,37.0
16.0,2.0,32.0,4608.0,423.0,603.0
16.0,2.0,48.0,3584.0,388.6,598.8
16.0,2.0,64.0,2560.0,246.0,388.4
16.0,2.0,80.0,1536.0,127.8,189.2
16.0,4.0,16.0,1024.0,18.0,30.8
16.0,4.0,16.0,5120.0,525.0,770.0
16.0,4.0,32.0,4096.0,475.4,919.8
16.0,4.0,48.0,3072.0,539.0,846.6
16.0,4.0,64.0,2048.0,245.0,464.8
16.0,4.0,80.0,1024.0,70.8,162.8
16.0,4.0,80.0,5120.0,2582.6,3769.6
16.0,8.0,16.0,4608.0,832.8,1200.2
16.0,8.0,32.0,3584.0,996.0,1570.0
16.0,8.0,48.0,2560.0,715.0,1137.8
16.0,8.0,64.0,1536.0,372.4,565.8
16.0,8.0,80.0,4608.0,4109.4,5958.4
1.0,2.0,16.0,4096.0,1852.8,3647.6
1.0,2.0,24.0,3584.0,2941.6,4678.0
1.0,2.0,32.0,3072.0,3160.6,4542.8
1.0,2.0,40.0,2560.0,2357.0,3745.4
1.0,2.0,48.0,2048.0,1408.0,2733.6
1.0,2.0,56.0,1536.0,1251.6,1954.4
1.0,2.0,64.0,1024.0,375.8,965.0
1.0,2.0,64.0,5120.0,16479.2,24067.8
1.0,2.0,72.0,4608.0,14767.6,21418.2
1.0,2.0,80.0,4096.0,9241.2,18217.4
1.0,4.0,16.0,3584.0,3910.0,6231.0
1.0,4.0,24.0,3072.0,4189.2,6641.6
1.0,4.0,32.0,2560.0,3769.0,5990.0
1.0,4.0,40.0,2048.0,2337.8,4553.0
1.0,4.0,48.0,1536.0,2132.6,3346.0
1.0,4.0,56.0,1024.0,734.2,1720.6
1.0,8.0,16.0,3072.0,5576.6,8856.2
1.0,8.0,24.0,2560.0,5647.8,8986.2
1.0,8.0,32.0,2048.0,3733.2,7274.6
1.0,8.0,40.0,1536.0,3545.0,5575.6
1.0,8.0,48.0,1024.0,1098.2,2915.2
2.0,2.0,16.0,2560.0,480.0,766.2
2.0,2.0,24.0,2048.0,361.2,693.0
2.0,2.0,32.0,1536.0,372.2,565.0
2.0,2.0,40.0,1024.0,127.0,314.2
2.0,2.0,40.0,5120.0,5153.8,7526.0
2.0,2.0,48.0,4608.0,4948.6,7145.2
2.0,2.0,56.0,4096.0,3246.2,6373.2
2.0,2.0,64.0,3584.0,4246.0,6370.8
2.0,2.0,72.0,3072.0,3142.4,4986.4
2.0,2.0,80.0,2560.0,2361.4,3748.6
2.0,4.0,16.0,2048.0,478.0,918.0
2.0,4.0,24.0,1536.0,548.0,854.6
2.0,4.0,32.0,1024.0,194.0,496.0
2.0,4.0,32.0,5120.0,8265.0,12043.2
2.0,4.0,40.0,4608.0,8207.8,11900.6
2.0,4.0,48.0,4096.0,5533.6,10934.4
2.0,4.0,56.0,3584.0,6828.2,10894.6
2.0,4.0,64.0,3072.0,5576.6,8860.4
2.0,4.0,72.0,2560.0,4624.4,6767.4
2.0,4.0,80.0,2048.0,2339.6,4549.4
2.0,8.0,16.0,1536.0,875.8,1162.0
2.0,8.0,24.0,1024.0,284.4,735.6
2.0,8.0,24.0,5120.0,12362.6,18068.8
2.0,8.0,32.0,4608.0,13129.2,19056.2
2.0,8.0,40.0,4096.0,9228.4,18218.8
2.0,8.0,48.0,3584.0,11696.8,18669.2
2.0,8.0,56.0,3072.0,9745.6,15481.8
2.0,8.0,64.0,2560.0,7523.4,11970.2
2.0,8.0,72.0,2048.0,4197.4,8188.4
2.0,8.0,80.0,1536.0,3542.0,5577.0
4.0,2.0,16.0,1024.0,40.0,74.0
4.0,2.0,16.0,5120.0,1039.0,1522.6
4.0,2.0,24.0,4608.0,1242.0,1795.2
4.0,2.0,32.0,4096.0,939.0,1827.8
4.0,2.0,40.0,3584.0,1241.2,1959.8
4.0,2.0,48.0,3072.0,1058.0,1669.4
4.0,2.0,56.0,2560.0,1014.8,1352.2
4.0,2.0,64.0,2048.0,477.8,918.6
4.0,2.0,72.0,1536.0,433.6,636.2
4.0,2.0,80.0,1024.0,145.0,322.8
4.0,2.0,80.0,5120.0,5152.8,7525.6
4.0,4.0,16.0,4608.0,1658.8,2388.6
4.0,4.0,24.0,4096.0,1397.0,2735.6
4.0,4.0,32.0,3584.0,1987.4,3124.4
4.0,4.0,40.0,3072.0,2009.6,2835.2
4.0,4.0,48.0,2560.0,1418.8,2257.4
4.0,4.0,56.0,2048.0,826.2,1598.0
4.0,4.0,64.0,1536.0,724.0,1118.2
4.0,4.0,72.0,1024.0,217.0,546.8
4.0,4.0,72.0,5120.0,9276.0,13545.6
4.0,4.0,80.0,4608.0,8218.0,11901.6
4.0,8.0,16.0,4096.0,1853.0,3648.2
4.0,8.0,24.0,3584.0,2935.6,4677.4
4.0,8.0,32.0,3072.0,2792.0,4435.0
4.0,8.0,40.0,2560.0,2361.0,3751.4
4.0,8.0,48.0,2048.0,1411.0,2732.4
4.0,8.0,56.0,1536.0,1251.2,1955.8
4.0,8.0,64.0,1024.0,374.0,972.8
4.0,8.0,64.0,5120.0,16471.6,24071.2
4.0,8.0,72.0,4608.0,14768.6,21433.8
4.0,8.0,80.0,4096.0,9227.0,18220.4
8.0,2.0,16.0,3584.0,267.0,404.0
8.0,2.0,24.0,3072.0,277.2,430.8
8.0,2.0,32.0,2560.0,246.0,389.0
8.0,2.0,40.0,2048.0,158.0,297.0
8.0,2.0,48.0,1536.0,150.0,224.8
8.0,2.0,56.0,1024.0,54.0,117.8
8.0,2.0,56.0,5120.0,1811.0,2644.0
8.0,2.0,64.0,4608.0,2017.6,2427.2
8.0,2.0,72.0,4096.0,1046.8,2055.6
8.0,2.0,80.0,3584.0,1492.6,2059.4
8.0,4.0,16.0,3072.0,363.8,565.2
8.0,4.0,24.0,2560.0,363.0,570.0
8.0,4.0,32.0,2048.0,245.0,463.8
8.0,4.0,40.0,1536.0,239.2,360.2
8.0,4.0,48.0,1024.0,82.0,193.4
8.0,4.0,48.0,5120.0,3245.0,4524.0
8.0,4.0,56.0,4608.0,2880.2,4175.2
8.0,4.0,64.0,4096.0,2191.6,3647.8
8.0,4.0,72.0,3584.0,2209.8,3508.6
8.0,4.0,80.0,3072.0,1979.2,2820.6
8.0,8.0,16.0,2560.0,480.0,765.6
8.0,8.0,24.0,2048.0,361.2,693.6
8.0,8.0,32.0,1536.0,371.8,566.6
8.0,8.0,40.0,1024.0,144.4,321.8
8.0,8.0,40.0,5120.0,5153.2,7525.4
8.0,8.0,48.0,4608.0,4927.4,7146.8
8.0,8.0,56.0,4096.0,3246.4,6373.2
8.0,8.0,64.0,3584.0,4168.0,6300.8
8.0,8.0,72.0,3072.0,3142.0,4990.2
8.0,8.0,80.0,2560.0,2674.6,3780.8
16.0,2.0,16.0,2048.0,39.0,66.2
16.0,2.0,32.0,1024.0,18.0,31.2
16.0,2.0,32.0,5120.0,525.0,768.6
16.0,2.0,48.0,4096.0,432.0,690.0
16.0,2.0,64.0,3072.0,364.0,565.8
16.0,2.0,80.0,2048.0,158.0,296.6
16.0,4.0,16.0,1536.0,57.0,85.6
16.0,4.0,32.0,4608.0,832.8,1199.8
16.0,4.0,48.0,3584.0,753.6,1178.6
16.0,4.0,64.0,2560.0,480.0,765.8
16.0,4.0,80.0,1536.0,240.0,360.8
16.0,8.0,16.0,1024.0,35.0,69.2
16.0,8.0,16.0,5120.0,1039.0,1517.4
16.0,8.0,32.0,4096.0,939.0,1828.0
16.0,8.0,48.0,3072.0,1058.0,1668.2
16.0,8.0,64.0,2048.0,478.0,918.2
16.0,8.0,80.0,1024.0,137.0,318.4
16.0,8.0,80.0,5120.0,5152.6,7528.8
