shape,nodes,GPUsPerNode,dur(us)
2097152,2,1,98.4958
2162688,2,1,117.177
2228224,2,1,117.8426
2293760,2,1,124.0888
2359296,2,1,124.1912
2424832,2,1,128.2106
2490368,2,1,130.5402
2555904,2,1,136.3066
2621440,2,1,138.0278
2686976,2,1,144.6968
2752512,2,1,145.0936
2818048,2,1,150.4628
2883584,2,1,162.015
2949120,2,1,156.9912
3014656,2,1,159.756
3080192,2,1,163.3204
3145728,2,1,164.8312
3211264,2,1,169.958
3276800,2,1,174.8088
3342336,2,1,175.7238
3407872,2,1,177.3434
3473408,2,1,190.5528
3538944,2,1,188.2426
3604480,2,1,196.5364
3670016,2,1,189.0552
3735552,2,1,204.0116
3801088,2,1,203.2768
3866624,2,1,206.6488
3932160,2,1,208.8306
3997696,2,1,219.0968
4063232,2,1,211.788
4128768,2,1,215.7946
4194304,2,1,226.2458
4259840,2,1,228.703
4325376,2,1,236.108
4390912,2,1,230.0024
4456448,2,1,240.7036
4521984,2,1,237.951
4587520,2,1,242.2652
4653056,2,1,240.5876
4718592,2,1,245.266
4784128,2,1,246.7192
4849664,2,1,252.2486
4915200,2,1,253.477
4980736,2,1,272.2808
5046272,2,1,269.3368
5111808,2,1,263.5246
5177344,2,1,268.7218
5242880,2,1,275.0774
5308416,2,1,275.4678
5373952,2,1,283.0712
5439488,2,1,280.2612
5505024,2,1,293.7906
5570560,2,1,290.8022
5636096,2,1,303.0902
5701632,2,1,294.8468
5767168,2,1,296.9008
5832704,2,1,309.5784
5898240,2,1,301.9306
5963776,2,1,317.061
6029312,2,1,310.3094
6094848,2,1,322.648
6160384,2,1,317.2406
6225920,2,1,321.0606
6291456,2,1,326.6736
6356992,2,1,333.4124
6422528,2,1,338.3804
6488064,2,1,349.4128
6553600,2,1,341.4384
6619136,2,1,345.5474
6684672,2,1,355.1478
6750208,2,1,351.224
6815744,2,1,363.4224
6881280,2,1,356.3892
6946816,2,1,388.7848
7012352,2,1,390.8724
7077888,2,1,378.3402
7143424,2,1,369.931
7208960,2,1,378.6414
7274496,2,1,373.9698
7340032,2,1,382.1934
7405568,2,1,381.4964
7471104,2,1,393.6752
7536640,2,1,413.4766
7602176,2,1,396.984
7667712,2,1,400.5866
7733248,2,1,403.6332
7798784,2,1,407.6842
7864320,2,1,413.963
7929856,2,1,421.777
7995392,2,1,421.2974
8060928,2,1,444.0942
8126464,2,1,440.1134
8192000,2,1,455.505
8257536,2,1,440.3882
8323072,2,1,430.8338
8388608,2,1,430.245
8454144,2,1,455.9214
8519680,2,1,470.372
8585216,2,1,444.836
8650752,2,1,448.945
8716288,2,1,460.2028
8781824,2,1,460.0684
8847360,2,1,471.8316
8912896,2,1,466.5636
8978432,2,1,480.7272
9043968,2,1,473.079
9109504,2,1,467.5692
9175040,2,1,498.5634
9240576,2,1,478.2118
9306112,2,1,489.2842
9371648,2,1,506.4556
9437184,2,1,500.8428
9502720,2,1,503.2554
9568256,2,1,495.1276
9633792,2,1,520.7834
9699328,2,1,519.7594
9764864,2,1,538.3138
9830400,2,1,541.5018
9895936,2,1,512.311
9961472,2,1,550.0906
10027008,2,1,542.9096
10092544,2,1,536.0556
10158080,2,1,525.6152
10223616,2,1,526.7288
10289152,2,1,525.847
10354688,2,1,602.7804
10420224,2,1,562.761
10485760,2,1,544.370
10551296,2,1,574.9606
10616832,2,1,576.547
10682368,2,1,576.0236
10747904,2,1,567.4198
10813440,2,1,552.2712
10878976,2,1,610.3576
10944512,2,1,598.3778
11010048,2,1,608.439
11075584,2,1,588.841
11141120,2,1,616.6888
11206656,2,1,598.9862
11272192,2,1,609.5134
11337728,2,1,584.8856
11403264,2,1,641.9988
11468800,2,1,642.9726
11534336,2,1,667.293
11599872,2,1,632.0548
11665408,2,1,652.6996
11730944,2,1,655.0814
11796480,2,1,626.4236
11862016,2,1,639.2794
11927552,2,1,626.1528
11993088,2,1,643.2802
12058624,2,1,681.4102
12124160,2,1,619.8692
12189696,2,1,668.3028
12255232,2,1,627.8684
12320768,2,1,693.3724
12386304,2,1,687.1006
12451840,2,1,639.5864
12517376,2,1,660.7778
12582912,2,1,667.2208
12648448,2,1,678.6078
12713984,2,1,670.716
12779520,2,1,914.2596
12845056,2,1,654.525
12910592,2,1,716.2792
12976128,2,1,751.2974
13041664,2,1,687.7712
13107200,2,1,694.7918
13172736,2,1,717.2622
13238272,2,1,709.238
13303808,2,1,685.2702
13369344,2,1,692.4428
13434880,2,1,744.6164
13500416,2,1,692.5676
13565952,2,1,702.7986
13631488,2,1,761.5962
13697024,2,1,745.2054
13762560,2,1,709.9496
13828096,2,1,712.8786
13893632,2,1,826.1782
13959168,2,1,758.8616
14024704,2,1,737.8766
14090240,2,1,791.267
14155776,2,1,774.531
14221312,2,1,757.1726
14286848,2,1,780.1226
14352384,2,1,759.694
14417920,2,1,782.9008
14483456,2,1,744.3864
14548992,2,1,746.1328
14614528,2,1,750.9018
14680064,2,1,815.1558
14745600,2,1,757.6934
14811136,2,1,847.4564
14876672,2,1,787.1074
14942208,2,1,849.7744
15007744,2,1,828.5314
15073280,2,1,778.5228
15138816,2,1,774.7994
15204352,2,1,777.9036
15269888,2,1,848.9746
15335424,2,1,784.937
15400960,2,1,874.8244
15466496,2,1,886.3442
15532032,2,1,818.0376
15597568,2,1,816.5536
15663104,2,1,878.3128
15728640,2,1,806.4898
15794176,2,1,881.891
15859712,2,1,816.442
15925248,2,1,895.5076
15990784,2,1,899.3302
16056320,2,1,944.3134
16121856,2,1,875.4524
16187392,2,1,890.5886
16252928,2,1,854.9638
16318464,2,1,835.0994
16384000,2,1,862.114
16449536,2,1,842.575
16515072,2,1,870.3756
16580608,2,1,879.5334
16646144,2,1,906.262
16711680,2,1,881.2768
16777216,2,1,903.2514
16842752,2,1,933.9066
16908288,2,1,866.4392
16973824,2,1,934.262
17039360,2,1,930.8362
17104896,2,1,902.690
17170432,2,1,966.8296
17235968,2,1,912.104
17301504,2,1,966.5852
17367040,2,1,1081.2602
17432576,2,1,886.8998
17498112,2,1,971.8866
17563648,2,1,899.4692
17629184,2,1,929.4546
17694720,2,1,906.6884
17760256,2,1,1000.8904
17825792,2,1,974.3552
17891328,2,1,916.1688
17956864,2,1,1055.855
18022400,2,1,954.4954
18087936,2,1,1062.7406
18153472,2,1,984.1144
18219008,2,1,1036.8012
18284544,2,1,964.995
18350080,2,1,1071.745
18415616,2,1,976.027
18481152,2,1,987.183
18546688,2,1,959.5342
18612224,2,1,982.383
18677760,2,1,980.577
18743296,2,1,1034.7598
18808832,2,1,1205.1798
18874368,2,1,1026.7834
18939904,2,1,1001.958
19005440,2,1,1152.296
19070976,2,1,1036.2554
19136512,2,1,1008.8462
19202048,2,1,1068.9548
19267584,2,1,1024.4364
19333120,2,1,1077.392
19398656,2,1,1140.8178
19464192,2,1,1031.3426
19529728,2,1,1091.380
19595264,2,1,1087.298
19660800,2,1,1080.0696
19726336,2,1,1139.7324
19791872,2,1,1161.8818
19857408,2,1,1164.5004
19922944,2,1,1167.3776
19988480,2,1,1023.9762
20054016,2,1,1028.8124
20119552,2,1,1186.105
20185088,2,1,1150.1194
20250624,2,1,1072.8716
20316160,2,1,1115.771
20381696,2,1,1110.413
20447232,2,1,1112.007
20512768,2,1,1209.6552
20578304,2,1,1200.0058
20643840,2,1,1192.5368
20709376,2,1,1107.131
20774912,2,1,1069.1716
20840448,2,1,1152.4402
20905984,2,1,1108.981
20971520,2,1,1160.3648
21037056,2,1,1227.203
21102592,2,1,1125.7978
21168128,2,1,1223.1966
21233664,2,1,1176.3234
21299200,2,1,1197.522
21364736,2,1,1143.6262
21430272,2,1,1232.7144
21495808,2,1,1230.5842
21561344,2,1,1233.4006
21626880,2,1,1118.9676
21692416,2,1,1210.8072
21757952,2,1,1253.6186
21823488,2,1,1167.0726
21889024,2,1,1173.1012
21954560,2,1,1135.0142
22020096,2,1,1350.5392
22085632,2,1,1345.2398
22151168,2,1,1416.8072
22216704,2,1,1221.9422
22282240,2,1,1319.0786
22347776,2,1,1261.2188
22413312,2,1,1235.0114
22478848,2,1,1299.6682
22544384,2,1,1289.5588
22609920,2,1,1214.9228
22675456,2,1,1484.1626
22740992,2,1,1256.7922
22806528,2,1,1307.1858
22872064,2,1,1308.3362
22937600,2,1,1238.6932
23003136,2,1,1283.5796
23068672,2,1,1272.946
23134208,2,1,1329.7186
23199744,2,1,1321.7064
23265280,2,1,1472.052
23330816,2,1,1247.5898
23396352,2,1,1355.3502
23461888,2,1,1354.3026
23527424,2,1,1418.8984
23592960,2,1,1407.3746
23658496,2,1,1338.0456
23724032,2,1,1499.3854
23789568,2,1,1480.8108
23855104,2,1,1374.5438
23920640,2,1,1385.5342
23986176,2,1,1368.2348
24051712,2,1,1517.928
24117248,2,1,1501.4264
24182784,2,1,1509.4188
24248320,2,1,1417.3166
24313856,2,1,1409.3144
24379392,2,1,1472.9196
24444928,2,1,1373.252
24510464,2,1,1498.4614
24576000,2,1,1332.203
24641536,2,1,1467.793
24707072,2,1,1529.351
24772608,2,1,1381.2536
24838144,2,1,1314.2716
24903680,2,1,1396.5422
24969216,2,1,1530.6988
25034752,2,1,1483.7192
25100288,2,1,1508.6126
25165824,2,1,1361.4882
25231360,2,1,1317.6314
25296896,2,1,1560.5794
25362432,2,1,1357.6794
25427968,2,1,1498.2052
25493504,2,1,1318.6292
25559040,2,1,1489.1184
25624576,2,1,1539.5162
25690112,2,1,1460.9134
25755648,2,1,1440.8626
25821184,2,1,1558.876
25886720,2,1,1389.4626
25952256,2,1,1509.4956
26017792,2,1,1451.5666
26083328,2,1,1448.9804
26148864,2,1,1474.7596
26214400,2,1,1522.3244
26279936,2,1,1554.9002
26345472,2,1,1473.6164
26411008,2,1,1486.3588
26476544,2,1,1644.168
26542080,2,1,1601.2906
26607616,2,1,1411.1062
26673152,2,1,1597.8218
26738688,2,1,1527.3008
26804224,2,1,1563.7026
26869760,2,1,1627.599
26935296,2,1,1699.7536
27000832,2,1,1502.788
27066368,2,1,1634.5316
27131904,2,1,1573.4958
27197440,2,1,1597.8776
27262976,2,1,1710.872
27328512,2,1,1527.3312
27394048,2,1,1605.5792
27459584,2,1,1474.3572
27525120,2,1,1533.3704
27590656,2,1,1487.2938
27656192,2,1,1548.6362
27721728,2,1,1671.8706
27787264,2,1,1498.6072
27852800,2,1,1631.2238
27918336,2,1,1716.2406
27983872,2,1,1624.0174
28049408,2,1,1635.8852
28114944,2,1,1454.358
28180480,2,1,1644.5376
28246016,2,1,1769.949
28311552,2,1,1751.324
28377088,2,1,1696.8964
28442624,2,1,1647.1766
28508160,2,1,1748.812
28573696,2,1,1737.3648
28639232,2,1,1743.7316
28704768,2,1,1662.3252
28770304,2,1,1662.2282
28835840,2,1,1748.6042
28901376,2,1,1755.5452
28966912,2,1,1694.6588
29032448,2,1,1710.0724
29097984,2,1,1658.0646
29163520,2,1,1641.6528
29229056,2,1,1827.4074
29294592,2,1,1587.0122
29360128,2,1,1715.8182
29425664,2,1,1869.8964
29491200,2,1,1526.5486
29556736,2,1,1676.6472
29622272,2,1,1882.5328
29687808,2,1,1743.0102
29753344,2,1,1648.1876
29818880,2,1,1814.6822
29884416,2,1,1875.918
29949952,2,1,1826.1926
30015488,2,1,1690.2566
30081024,2,1,1755.8152
30146560,2,1,1907.6778
30212096,2,1,1906.826
30277632,2,1,1902.6038
30343168,2,1,1856.6924
30408704,2,1,1931.3798
30474240,2,1,1941.3648
30539776,2,1,1921.7704
30605312,2,1,1853.973
30670848,2,1,1882.2218
30736384,2,1,1822.0022
30801920,2,1,1956.8034
30867456,2,1,1816.5624
30932992,2,1,1862.249
30998528,2,1,1913.080
31064064,2,1,1925.0454
31129600,2,1,1896.1632
31195136,2,1,1912.0078
31260672,2,1,1989.969
31326208,2,1,1980.6454
31391744,2,1,1852.9602
31457280,2,1,1859.8276
31522816,2,1,1922.3704
31588352,2,1,2001.8638
31653888,2,1,1846.089
31719424,2,1,2015.5332
31784960,2,1,1933.6722
31850496,2,1,1791.9524
31916032,2,1,1960.4022
31981568,2,1,1729.0548
32047104,2,1,1924.5684
32112640,2,1,1884.0802
32178176,2,1,1945.6586
32243712,2,1,1980.7972
32309248,2,1,2051.102
32374784,2,1,2052.8046
32440320,2,1,1908.4956
32505856,2,1,1753.5684
32571392,2,1,1766.7804
32636928,2,1,1999.0148
32702464,2,1,1921.2182
32768000,2,1,2013.0252
32833536,2,1,2014.754
32899072,2,1,2107.0984
32964608,2,1,1866.4122
33030144,2,1,1932.2706
33095680,2,1,2095.4768
33161216,2,1,1831.5422
33226752,2,1,2044.676
33292288,2,1,1879.599
33357824,2,1,2135.983
33423360,2,1,1955.6624
33488896,2,1,1881.3244
33554432,2,1,1816.1298
33619968,2,1,2074.6052
33685504,2,1,1918.677
33751040,2,1,2168.464
33816576,2,1,1996.9144
33882112,2,1,1916.3846
33947648,2,1,2173.2582
34013184,2,1,2150.8048
34078720,2,1,2069.8314
34144256,2,1,2137.7852
34209792,2,1,2157.677
34275328,2,1,1975.947
34340864,2,1,2188.8062
34406400,2,1,2123.2596
34471936,2,1,2035.7364
34537472,2,1,2208.9282
34603008,2,1,2035.8052
34668544,2,1,2222.0864
34734080,2,1,2046.1634
34799616,2,1,2128.979
34865152,2,1,1976.321
34930688,2,1,2131.6168
34996224,2,1,2143.0262
35061760,2,1,2060.5386
35127296,2,1,2072.8566
35192832,2,1,1985.5126
35258368,2,1,2059.7104
35323904,2,1,2178.9044
35389440,2,1,2254.2984
35454976,2,1,2092.4466
35520512,2,1,2259.7964
35586048,2,1,2181.739
35651584,2,1,2090.723
35717120,2,1,2116.1896
35782656,2,1,2280.8372
35848192,2,1,2028.4066
35913728,2,1,2120.109
35979264,2,1,2039.2204
36044800,2,1,2314.2068
36110336,2,1,2307.0974
36175872,2,1,2303.7738
36241408,2,1,1967.5908
36306944,2,1,2224.6148
36372480,2,1,2144.7744
36438016,2,1,2323.0768
36503552,2,1,2254.7368
36569088,2,1,2135.2802
36634624,2,1,2178.2206
36700160,2,1,2083.503
36765696,2,1,2116.6906
36831232,2,1,2177.619
36896768,2,1,2266.5144
36962304,2,1,2342.9746
37027840,2,1,2274.2152
37093376,2,1,2104.0226
37158912,2,1,2388.0194
37224448,2,1,1930.2404
37289984,2,1,2289.912
37355520,2,1,2129.7188
37421056,2,1,2377.9138
37486592,2,1,2163.4526
37552128,2,1,2408.364
37617664,2,1,2121.6574
37683200,2,1,2417.2294
37748736,2,1,2322.9528
37814272,2,1,2250.842
37879808,2,1,2437.6124
37945344,2,1,2326.7866
38010880,2,1,2241.9372
38076416,2,1,2236.7098
38141952,2,1,2455.0414
38207488,2,1,2177.4474
38273024,2,1,2452.0704
38338560,2,1,2440.7422
38404096,2,1,2325.4912
38469632,2,1,2456.566
38535168,2,1,2177.1008
38600704,2,1,2101.4624
38666240,2,1,2452.9284
38731776,2,1,2483.6014
38797312,2,1,2015.7348
38862848,2,1,2446.4952
38928384,2,1,2376.4532
38993920,2,1,2482.4626
39059456,2,1,2326.4654
39124992,2,1,2345.8416
39190528,2,1,2313.0232
39256064,2,1,2514.3236
39321600,2,1,2129.3642
39387136,2,1,2411.8984
39452672,2,1,2440.1294
39518208,2,1,2536.1308
39583744,2,1,2543.6328
39649280,2,1,2492.5864
39714816,2,1,2064.6026
39780352,2,1,2514.8772
39845888,2,1,2351.8018
39911424,2,1,2573.5464
39976960,2,1,2107.548
40042496,2,1,2257.6852
40108032,2,1,2408.1996
40173568,2,1,2275.3212
40239104,2,1,2550.8602
40304640,2,1,2486.1484
40370176,2,1,2357.3038
40435712,2,1,2357.504
40501248,2,1,2594.782
40566784,2,1,2212.361
40632320,2,1,2561.8168
40697856,2,1,2347.2796
40763392,2,1,2544.7986
40828928,2,1,2325.612
40894464,2,1,2615.4446
40960000,2,1,2618.491
41025536,2,1,2417.6302
41091072,2,1,2314.411
41156608,2,1,2230.9294
41222144,2,1,2488.4668
41287680,2,1,2336.8366
41353216,2,1,2624.4044
41418752,2,1,2654.719
41484288,2,1,2455.3146
41549824,2,1,2371.9924
41615360,2,1,2630.7618
41680896,2,1,2433.906
41746432,2,1,2694.5256
41811968,2,1,2370.4078
41877504,2,1,2363.1934
41943040,2,1,2654.1394
42008576,2,1,2579.1332
42074112,2,1,2394.7904
42139648,2,1,2496.6466
42205184,2,1,2597.5384
42270720,2,1,2669.1866
42336256,2,1,2609.6098
42401792,2,1,2397.466
42467328,2,1,2693.4756
42532864,2,1,2587.641
42598400,2,1,2730.8886
42663936,2,1,2303.0572
42729472,2,1,2426.2006
42795008,2,1,2730.4262
42860544,2,1,2617.0518
42926080,2,1,2560.7644
42991616,2,1,2663.6284
43057152,2,1,2444.4156
43122688,2,1,2242.043
43188224,2,1,2439.7046
43253760,2,1,2653.0006
43319296,2,1,2715.845
43384832,2,1,2545.6688
43450368,2,1,2804.165
43515904,2,1,2597.7412
43581440,2,1,2582.8604
43646976,2,1,2776.0218
43712512,2,1,2795.2392
43778048,2,1,2780.9814
43843584,2,1,2701.1814
43909120,2,1,2286.5492
43974656,2,1,2707.9924
44040192,2,1,2589.674
44105728,2,1,2806.5714
44171264,2,1,2612.7284
44236800,2,1,2829.6328
44302336,2,1,2813.779
44367872,2,1,2517.378
44433408,2,1,2693.250
44498944,2,1,2635.1842
44564480,2,1,2518.3324
44630016,2,1,2747.0726
44695552,2,1,2754.8154
44761088,2,1,2760.8572
44826624,2,1,2583.8978
44892160,2,1,2771.856
44957696,2,1,2744.9338
45023232,2,1,2789.9808
45088768,2,1,2879.9134
45154304,2,1,2866.3016
45219840,2,1,2888.0224
45285376,2,1,2791.769
45350912,2,1,2578.7494
45416448,2,1,2793.9984
45481984,2,1,2916.604
45547520,2,1,2927.5156
45613056,2,1,2909.729
45678592,2,1,2709.0638
45744128,2,1,2485.442
45809664,2,1,2938.219
45875200,2,1,2953.8224
45940736,2,1,2962.9854
46006272,2,1,2711.056
46071808,2,1,2955.6848
46137344,2,1,2836.6274
46202880,2,1,2876.2422
46268416,2,1,2954.2062
46333952,2,1,2962.2172
46399488,2,1,2998.2232
46465024,2,1,2993.7514
46530560,2,1,2762.1476
46596096,2,1,2985.1832
46661632,2,1,2614.738
46727168,2,1,3011.9828
46792704,2,1,2886.4948
46858240,2,1,2992.8022
46923776,2,1,2890.941
46989312,2,1,3031.3412
47054848,2,1,2498.449
47120384,2,1,2683.9154
47185920,2,1,3031.9922
47251456,2,1,2683.4412
47316992,2,1,2975.878
47382528,2,1,3042.9162
47448064,2,1,3031.519
47513600,2,1,2799.9862
47579136,2,1,2741.5206
47644672,2,1,2766.173
47710208,2,1,2807.547
47775744,2,1,2847.9244
47841280,2,1,2949.6626
47906816,2,1,3045.391
47972352,2,1,2711.2954
48037888,2,1,2625.8968
48103424,2,1,3079.9362
48168960,2,1,2846.171
48234496,2,1,2947.1416
48300032,2,1,2734.3256
48365568,2,1,3102.2282
48431104,2,1,2935.9774
48496640,2,1,3128.2308
48562176,2,1,3113.6322
48627712,2,1,2751.2882
48693248,2,1,2765.6994
48758784,2,1,3016.4484
48824320,2,1,3035.9906
48889856,2,1,3036.9928
48955392,2,1,3132.3566
49020928,2,1,3008.5172
49086464,2,1,2671.5042
49152000,2,1,2961.5196
49217536,2,1,2933.166
49283072,2,1,2788.5368
49348608,2,1,2693.331
49414144,2,1,3061.5314
49479680,2,1,3155.5058
49545216,2,1,3185.1586
49610752,2,1,2811.522
49676288,2,1,2933.2374
49741824,2,1,3080.2566
49807360,2,1,3096.2694
49872896,2,1,2955.535
49938432,2,1,3208.8588
50003968,2,1,3164.8656
50069504,2,1,3228.9186
50135040,2,1,2849.187
50200576,2,1,2857.488
50266112,2,1,3120.2188
50331648,2,1,2847.5084
50397184,2,1,3255.2956
50462720,2,1,2834.0904
50528256,2,1,3129.2992
50593792,2,1,3099.2956
50659328,2,1,3244.912
50724864,2,1,3265.3514
50790400,2,1,2893.8264
50855936,2,1,3151.8554
50921472,2,1,3154.946
50987008,2,1,3137.3892
51052544,2,1,2929.6776
51118080,2,1,3276.2122
51183616,2,1,3284.9238
51249152,2,1,3238.6894
51314688,2,1,3286.0052
51380224,2,1,3292.942
51445760,2,1,3206.2312
51511296,2,1,3272.823
51576832,2,1,2991.7206
51642368,2,1,3306.904
51707904,2,1,3090.8068
51773440,2,1,2852.058
51838976,2,1,3313.8096
51904512,2,1,2945.5118
51970048,2,1,3205.6694
52035584,2,1,3096.1204
52101120,2,1,2951.9082
52166656,2,1,2910.011
52232192,2,1,3342.1612
52297728,2,1,3234.9382
52363264,2,1,3247.8284
52428800,2,1,3240.4964
52494336,2,1,3357.080
52559872,2,1,3257.9378
52625408,2,1,2865.110
52690944,2,1,2922.1936
52756480,2,1,3227.1074
52822016,2,1,3125.8254
52887552,2,1,3126.5826
52953088,2,1,3396.6962
53018624,2,1,3394.087
53084160,2,1,3418.2672
53149696,2,1,3151.8586
53215232,2,1,3413.8548
53280768,2,1,3106.4328
53346304,2,1,3299.4364
53411840,2,1,3297.478
53477376,2,1,3442.4948
53542912,2,1,3442.5508
53608448,2,1,3296.7368
53673984,2,1,3329.9188
53739520,2,1,3107.934
53805056,2,1,3308.659
53870592,2,1,3446.8602
53936128,2,1,3262.315
54001664,2,1,3345.3992
54067200,2,1,3500.194
54132736,2,1,3461.392
54198272,2,1,3079.9166
54263808,2,1,3481.2256
54329344,2,1,3514.640
54394880,2,1,3517.7764
54460416,2,1,3168.5458
54525952,2,1,3499.4914
54591488,2,1,3517.0192
54657024,2,1,3510.9524
54722560,2,1,3291.4108
54788096,2,1,3529.8888
54853632,2,1,3402.5132
54919168,2,1,3542.7936
54984704,2,1,3279.9286
55050240,2,1,3539.8026
55115776,2,1,3223.324
55181312,2,1,3067.3774
55246848,2,1,3532.1134
55312384,2,1,3568.8174
55377920,2,1,3478.2588
55443456,2,1,3439.047
55508992,2,1,3504.568
55574528,2,1,3582.087
55640064,2,1,3579.8074
55705600,2,1,3509.1076
55771136,2,1,3162.9172
55836672,2,1,3226.7786
55902208,2,1,3173.2994
55967744,2,1,3449.9172
56033280,2,1,2936.5334
56098816,2,1,3380.373
56164352,2,1,3640.6928
56229888,2,1,3235.4672
56295424,2,1,3187.1854
56360960,2,1,3499.4724
56426496,2,1,3502.1684
56492032,2,1,3639.4982
56557568,2,1,3259.985
56623104,2,1,3664.439
56688640,2,1,3628.8102
56754176,2,1,3640.8604
56819712,2,1,2964.7962
56885248,2,1,3373.167
56950784,2,1,3290.2184
57016320,2,1,3530.1692
57081856,2,1,3693.447
57147392,2,1,3388.645
57212928,2,1,3397.1174
57278464,2,1,3650.6798
57344000,2,1,3681.9118
57409536,2,1,2993.8732
57475072,2,1,3455.2472
57540608,2,1,3702.472
57606144,2,1,3293.9294
57671680,2,1,3053.2136
57737216,2,1,3580.9618
57802752,2,1,3338.2864
57868288,2,1,3021.396
57933824,2,1,3250.7824
57999360,2,1,3733.5778
58064896,2,1,3323.7372
58130432,2,1,3552.3424
58195968,2,1,3309.427
58261504,2,1,3590.2184
58327040,2,1,3763.7662
58392576,2,1,3751.9572
58458112,2,1,3722.5644
58523648,2,1,3356.383
58589184,2,1,3502.6576
58654720,2,1,3638.1672
58720256,2,1,3169.036
58785792,2,1,3795.4874
58851328,2,1,3265.228
58916864,2,1,3726.6178
58982400,2,1,3800.6476
59047936,2,1,3522.1286
59113472,2,1,3376.7592
59179008,2,1,3830.9288
59244544,2,1,3442.1334
59310080,2,1,3353.9318
59375616,2,1,3523.1834
59441152,2,1,3099.150
59506688,2,1,3526.6802
59572224,2,1,3544.5424
59637760,2,1,3840.0198
59703296,2,1,3676.2644
59768832,2,1,3844.7542
59834368,2,1,3854.204
59899904,2,1,3707.9614
59965440,2,1,3853.8754
60030976,2,1,3871.382
60096512,2,1,3728.539
60162048,2,1,3774.4644
60227584,2,1,3740.9974
60293120,2,1,3868.3108
60358656,2,1,3761.6028
60424192,2,1,3907.1226
60489728,2,1,3513.0402
60555264,2,1,3922.3142
60620800,2,1,3744.163
60686336,2,1,3690.8556
60751872,2,1,3597.3042
60817408,2,1,3900.4584
60882944,2,1,3927.1896
60948480,2,1,3783.0212
61014016,2,1,3926.3966
61079552,2,1,3781.769
61145088,2,1,3957.1052
61210624,2,1,3774.1126
61276160,2,1,3778.1274
61341696,2,1,3613.992
61407232,2,1,3966.899
61472768,2,1,3956.840
61538304,2,1,3938.929
61603840,2,1,3954.5724
61669376,2,1,3808.2246
61734912,2,1,3963.951
61800448,2,1,3844.8188
61865984,2,1,3510.3008
61931520,2,1,4009.7284
61997056,2,1,3925.964
62062592,2,1,3842.6452
62128128,2,1,3403.897
62193664,2,1,3336.125
62259200,2,1,3952.4922
62324736,2,1,3992.8442
62390272,2,1,3732.9766
62455808,2,1,3659.9074
62521344,2,1,3857.2948
62586880,2,1,3947.1892
62652416,2,1,3678.7458
62717952,2,1,3710.9676
62783488,2,1,3893.2612
62849024,2,1,4016.0112
62914560,2,1,4069.7398
62980096,2,1,3802.0714
63045632,2,1,3907.8736
63111168,2,1,3692.3826
63176704,2,1,3502.2756
63242240,2,1,4048.5222
63307776,2,1,3779.078
63373312,2,1,3453.2634
63438848,2,1,3992.417
63504384,2,1,3616.0296
63569920,2,1,3947.5084
63635456,2,1,4116.1832
63700992,2,1,4117.324
63766528,2,1,3742.8114
63832064,2,1,3953.5462
63897600,2,1,3795.8014
63963136,2,1,4143.3084
64028672,2,1,3753.792
64094208,2,1,4145.7568
64159744,2,1,3991.1298
64225280,2,1,3987.2746
64290816,2,1,3972.6396
64356352,2,1,3977.3316
64421888,2,1,4148.4688
64487424,2,1,4169.3132
64552960,2,1,3789.936
64618496,2,1,3674.9074
64684032,2,1,4019.3984
64749568,2,1,3993.480
64815104,2,1,4037.7188
64880640,2,1,4201.5378
64946176,2,1,4193.7926
65011712,2,1,4112.0706
65077248,2,1,4202.9052
65142784,2,1,3719.0764
65208320,2,1,3739.9626
65273856,2,1,4191.7832
65339392,2,1,4040.9922
65404928,2,1,3530.2172
65470464,2,1,4238.9448
65536000,2,1,3909.2958
65601536,2,1,4050.0806
65667072,2,1,4070.3388
65732608,2,1,4228.610
65798144,2,1,4214.7128
65863680,2,1,3915.2262
65929216,2,1,3753.7468
65994752,2,1,3581.9458
66060288,2,1,3924.7756
66125824,2,1,3449.1188
66191360,2,1,4167.8362
66256896,2,1,4279.3312
66322432,2,1,4114.0728
66387968,2,1,4010.580
66453504,2,1,4300.7724
66519040,2,1,4199.8426
66584576,2,1,4287.8868
66650112,2,1,4020.820
66715648,2,1,4041.1122
66781184,2,1,3720.2918
66846720,2,1,3982.6282
66912256,2,1,4284.3258
66977792,2,1,3845.5696
67043328,2,1,3803.5034
67108864,2,1,4026.3096
67174400,2,1,3511.3778
67239936,2,1,4325.0724
67305472,2,1,4311.920
67371008,2,1,4091.0708
67436544,2,1,4340.872
67502080,2,1,4245.2334
67567616,2,1,4385.3284
67633152,2,1,4198.447
67698688,2,1,3853.1682
67764224,2,1,3883.6162
67829760,2,1,4239.247
67895296,2,1,3996.5064
67960832,2,1,4390.1798
68026368,2,1,4002.4728
68091904,2,1,4153.1702
68157440,2,1,4050.204
68222976,2,1,4152.6432
68288512,2,1,4059.035
68354048,2,1,4002.5554
68419584,2,1,4416.9406
68485120,2,1,3944.0558
68550656,2,1,4257.7252
68616192,2,1,3888.9546
68681728,2,1,4268.4248
68747264,2,1,4463.5562
68812800,2,1,4116.3618
68878336,2,1,4258.0404
68943872,2,1,4274.8972
69009408,2,1,4387.7656
69074944,2,1,4274.133
69140480,2,1,4107.6362
69206016,2,1,4182.6922
69271552,2,1,4445.1062
69337088,2,1,4477.5024
69402624,2,1,4008.8054
69468160,2,1,4492.9042
69533696,2,1,3790.2772
69599232,2,1,4502.3206
69664768,2,1,4110.3918
69730304,2,1,4264.1672
69795840,2,1,4334.926
69861376,2,1,4059.3918
69926912,2,1,4313.6932
69992448,2,1,4125.445
70057984,2,1,4523.6156
70123520,2,1,4458.7304
70189056,2,1,3841.9502
70254592,2,1,3885.2566
70320128,2,1,4192.0006
70385664,2,1,4352.1666
70451200,2,1,4017.742
70516736,2,1,4551.2278
70582272,2,1,4377.0742
70647808,2,1,4101.7834
70713344,2,1,4427.1332
70778880,2,1,4199.950
70844416,2,1,4079.3924
70909952,2,1,4337.4192
70975488,2,1,4286.4108
71041024,2,1,3907.9882
71106560,2,1,3885.1076
71172096,2,1,4487.759
71237632,2,1,4578.2546
71303168,2,1,3930.1128
71368704,2,1,4269.1438
71434240,2,1,4084.7806
71499776,2,1,4270.7752
71565312,2,1,4086.5872
71630848,2,1,4431.360
71696384,2,1,4113.362
71761920,2,1,4031.7514
71827456,2,1,4288.8694
71892992,2,1,4519.134
71958528,2,1,4291.637
72024064,2,1,3761.1848
72089600,2,1,4152.0094
72155136,2,1,4680.8712
72220672,2,1,4545.0616
72286208,2,1,4397.0342
72351744,2,1,4502.8164
72417280,2,1,4449.1906
72482816,2,1,4704.0496
72548352,2,1,4690.0936
72613888,2,1,3795.0066
72679424,2,1,4691.013
72744960,2,1,4715.5876
72810496,2,1,4159.7228
72876032,2,1,4713.7262
72941568,2,1,4314.6404
73007104,2,1,4534.6778
73072640,2,1,4554.9466
73138176,2,1,4718.6452
73203712,2,1,4359.7468
73269248,2,1,4018.9498
73334784,2,1,4529.8706
73400320,2,1,4543.4784
73465856,2,1,3948.1162
73531392,2,1,4748.8106
73596928,2,1,4098.207
73662464,2,1,4392.5614
73728000,2,1,4593.8504
73793536,2,1,4166.8406
73859072,2,1,4797.7476
73924608,2,1,4797.8874
73990144,2,1,4781.4596
74055680,2,1,4715.7958
74121216,2,1,4783.4456
74186752,2,1,4561.2506
74252288,2,1,4804.1674
74317824,2,1,4741.0082
74383360,2,1,4800.2056
74448896,2,1,4822.5288
74514432,2,1,4740.9812
74579968,2,1,4635.6044
74645504,2,1,4830.247
74711040,2,1,4610.9122
74776576,2,1,4811.539
74842112,2,1,4650.5336
74907648,2,1,4854.9026
74973184,2,1,4656.5958
75038720,2,1,4874.8616
75104256,2,1,4528.310
75169792,2,1,4861.2546
75235328,2,1,4762.197
75300864,2,1,4861.6246
75366400,2,1,4799.3366
75431936,2,1,4688.4816
75497472,2,1,4210.263
75563008,2,1,4504.9762
75628544,2,1,4680.7462
75694080,2,1,4440.3608
75759616,2,1,4869.4172
75825152,2,1,4583.3748
75890688,2,1,4717.8886
75956224,2,1,4326.058
76021760,2,1,4715.4494
76087296,2,1,4728.446
76152832,2,1,4750.125
76218368,2,1,4730.032
76283904,2,1,4943.9498
76349440,2,1,4946.7006
76414976,2,1,4355.8502
76480512,2,1,4743.7632
76546048,2,1,4934.6986
76611584,2,1,4584.7454
76677120,2,1,4966.916
76742656,2,1,4335.7792
76808192,2,1,4785.096
76873728,2,1,4590.6416
76939264,2,1,4585.4488
77004800,2,1,4799.0724
77070336,2,1,4392.7062
77135872,2,1,4776.6096
77201408,2,1,4602.5428
77266944,2,1,4984.3042
77332480,2,1,4412.4252
77398016,2,1,4602.421
77463552,2,1,5021.8826
77529088,2,1,4423.9596
77594624,2,1,5007.5892
77660160,2,1,4845.8388
77725696,2,1,4746.7408
77791232,2,1,5049.3396
77856768,2,1,5036.6796
77922304,2,1,4642.0076
77987840,2,1,5045.3686
78053376,2,1,4903.5584
78118912,2,1,4469.3324
78184448,2,1,4874.5668
78249984,2,1,5033.7512
78315520,2,1,4757.1458
78381056,2,1,4635.722
78446592,2,1,5046.4648
78512128,2,1,4292.5674
78577664,2,1,4715.892
78643200,2,1,4472.6888
78708736,2,1,5072.0336
78774272,2,1,4616.3032
78839808,2,1,4952.164
78905344,2,1,5082.045
78970880,2,1,4619.7978
79036416,2,1,5083.3296
79101952,2,1,4518.1226
79167488,2,1,4911.5122
79233024,2,1,4809.3516
79298560,2,1,4858.4556
79364096,2,1,4647.6502
79429632,2,1,4735.7494
79495168,2,1,5164.8946
79560704,2,1,5127.7366
79626240,2,1,5162.7398
79691776,2,1,4608.5786
79757312,2,1,5163.7666
79822848,2,1,4717.4262
79888384,2,1,5185.6552
79953920,2,1,4772.3298
80019456,2,1,5181.2646
80084992,2,1,5157.272
80150528,2,1,4391.6314
80216064,2,1,5052.963
80281600,2,1,5196.668
80347136,2,1,5007.1552
80412672,2,1,5107.0314
80478208,2,1,5006.6246
80543744,2,1,5196.0158
80609280,2,1,5138.0692
80674816,2,1,5036.6908
80740352,2,1,5185.099
80805888,2,1,5033.5532
80871424,2,1,4694.139
80936960,2,1,5089.8168
81002496,2,1,5263.0232
81068032,2,1,5045.3292
81133568,2,1,5052.8554
81199104,2,1,4957.8244
81264640,2,1,5250.4238
81330176,2,1,5278.241
81395712,2,1,5042.3078
81461248,2,1,5279.2866
81526784,2,1,5084.8976
81592320,2,1,5262.8794
81657856,2,1,5052.6948
81723392,2,1,5033.6632
81788928,2,1,4574.2952
81854464,2,1,4684.5414
81920000,2,1,4915.4948
81985536,2,1,5008.0548
82051072,2,1,5050.7542
82116608,2,1,5116.1392
82182144,2,1,4638.0844
82247680,2,1,5338.0404
82313216,2,1,5315.1138
82378752,2,1,5077.8202
82444288,2,1,5151.5092
82509824,2,1,5149.0354
82575360,2,1,5136.3356
82640896,2,1,5340.5254
82706432,2,1,5367.0514
82771968,2,1,4864.0844
82837504,2,1,4332.5794
82903040,2,1,5117.1624
82968576,2,1,4972.9326
83034112,2,1,4789.2412
83099648,2,1,4609.4544
83165184,2,1,5200.6576
83230720,2,1,5193.4982
83296256,2,1,4560.0594
83361792,2,1,5094.4208
83427328,2,1,5397.4054
83492864,2,1,5189.490
83558400,2,1,5192.4524
83623936,2,1,5428.7374
83689472,2,1,5000.9438
83755008,2,1,5304.1416
83820544,2,1,5004.761
83886080,2,1,5103.022
83951616,2,1,4793.1454
84017152,2,1,4644.227
84082688,2,1,5422.876
84148224,2,1,5225.4864
84213760,2,1,5057.0936
84279296,2,1,5253.8928
84344832,2,1,5468.3508
84410368,2,1,4674.5496
84475904,2,1,5180.6536
84541440,2,1,5458.7198
84606976,2,1,5390.255
84672512,2,1,5474.4542
84738048,2,1,5492.7382
84803584,2,1,5074.3694
84869120,2,1,5303.3948
84934656,2,1,4971.3578
85000192,2,1,5051.9052
85065728,2,1,5502.5664
85131264,2,1,5290.0328
85196800,2,1,4671.5972
85262336,2,1,4922.4264
85327872,2,1,5320.7686
85393408,2,1,5053.5202
85458944,2,1,5324.7558
85524480,2,1,4902.3272
85590016,2,1,5537.0308
85655552,2,1,5370.6678
85721088,2,1,5545.7094
85786624,2,1,5207.7874
85852160,2,1,4996.0262
85917696,2,1,4927.7182
85983232,2,1,5328.5512
86048768,2,1,5526.1288
86114304,2,1,4919.4748
86179840,2,1,5580.2704
86245376,2,1,5579.2694
86310912,2,1,5601.0992
86376448,2,1,5600.8698
86441984,2,1,5171.8562
86507520,2,1,5458.3482
86573056,2,1,5610.772
86638592,2,1,4950.0876
86704128,2,1,5638.3906
86769664,2,1,5565.0888
86835200,2,1,4971.7942
86900736,2,1,5420.1574
86966272,2,1,5414.6636
87031808,2,1,5633.9074
87097344,2,1,5594.182
87162880,2,1,4983.4968
87228416,2,1,4562.846
87293952,2,1,5455.0058
87359488,2,1,5398.5858
87425024,2,1,5602.3242
87490560,2,1,5591.8074
87556096,2,1,5647.1544
87621632,2,1,5693.8384
87687168,2,1,5352.5312
87752704,2,1,5705.4728
87818240,2,1,4589.6152
87883776,2,1,5655.9242
87949312,2,1,5234.8888
88014848,2,1,5682.4824
88080384,2,1,5209.2606
88145920,2,1,5251.2688
88211456,2,1,5242.8924
88276992,2,1,5717.6772
88342528,2,1,5247.1656
88408064,2,1,5295.6068
88473600,2,1,5542.8642
88539136,2,1,5509.3902
88604672,2,1,5501.191
88670208,2,1,5757.8366
88735744,2,1,5584.0366
88801280,2,1,5519.5268
88866816,2,1,5694.0616
88932352,2,1,5630.5354
88997888,2,1,5514.3934
89063424,2,1,4653.986
89128960,2,1,5778.1876
89194496,2,1,5140.2294
89260032,2,1,5784.7894
89325568,2,1,5320.2894
89391104,2,1,5228.4696
89456640,2,1,5548.5772
89522176,2,1,5786.4704
89587712,2,1,5573.1518
89653248,2,1,5440.6196
89718784,2,1,5784.7276
89784320,2,1,5172.3442
89849856,2,1,5806.7306
89915392,2,1,5808.3316
89980928,2,1,5663.8556
90046464,2,1,5666.9328
90112000,2,1,5380.7206
90177536,2,1,5404.1804
90243072,2,1,5688.7892
90308608,2,1,5619.5502
90374144,2,1,5745.7476
90439680,2,1,5089.013
90505216,2,1,5861.8168
90570752,2,1,5885.8122
90636288,2,1,5644.9622
90701824,2,1,5720.1084
90767360,2,1,5407.4844
90832896,2,1,5490.6476
90898432,2,1,5877.7308
90963968,2,1,5039.4168
91029504,2,1,5632.6016
91095040,2,1,5899.727
91160576,2,1,5924.370
91226112,2,1,5808.0342
91291648,2,1,5619.1008
91357184,2,1,5937.091
91422720,2,1,5938.4276
91488256,2,1,5924.7154
91553792,2,1,5487.3666
91619328,2,1,5490.413
91684864,2,1,5942.3848
91750400,2,1,5689.2478
91815936,2,1,5830.9008
91881472,2,1,5029.9254
91947008,2,1,5509.2932
92012544,2,1,5496.7778
92078080,2,1,5376.2342
92143616,2,1,5960.0556
92209152,2,1,5820.9264
92274688,2,1,5423.3846
92340224,2,1,5370.927
92405760,2,1,5472.0924
92471296,2,1,6006.1982
92536832,2,1,5609.488
92602368,2,1,6028.600
92667904,2,1,5815.877
92733440,2,1,5561.4884
92798976,2,1,5081.891
92864512,2,1,5418.2478
92930048,2,1,5287.133
92995584,2,1,5773.822
93061120,2,1,5736.3488
93126656,2,1,6014.9988
93192192,2,1,6003.6012
93257728,2,1,5795.423
93323264,2,1,5817.990
93388800,2,1,6057.0846
93454336,2,1,5583.1554
93519872,2,1,4886.5742
93585408,2,1,6059.9254
93650944,2,1,5876.901
93716480,2,1,6085.924
93782016,2,1,5370.2866
93847552,2,1,5023.2786
93913088,2,1,5821.8746
93978624,2,1,5902.2326
94044160,2,1,5997.6512
94109696,2,1,5763.949
94175232,2,1,6105.5452
94240768,2,1,5866.0462
94306304,2,1,6015.175
94371840,2,1,5369.2572
94437376,2,1,6148.614
94502912,2,1,5402.9682
94568448,2,1,5746.6092
94633984,2,1,6132.3798
94699520,2,1,6115.5942
94765056,2,1,5257.2882
94830592,2,1,6172.469
94896128,2,1,5742.4002
94961664,2,1,6160.8096
95027200,2,1,6125.5708
95092736,2,1,5751.063
95158272,2,1,6172.328
95223808,2,1,5703.039
95289344,2,1,5794.0342
95354880,2,1,6186.3638
95420416,2,1,5926.1026
95485952,2,1,6212.0886
95551488,2,1,5980.2676
95617024,2,1,5717.0646
95682560,2,1,5708.7446
95748096,2,1,6216.9832
95813632,2,1,5909.6148
95879168,2,1,5730.505
95944704,2,1,6207.5222
96010240,2,1,5986.4414
96075776,2,1,6199.9886
96141312,2,1,5521.1012
96206848,2,1,5755.467
96272384,2,1,6251.9986
96337920,2,1,6126.3512
96403456,2,1,6037.4156
96468992,2,1,5897.6276
96534528,2,1,6010.1994
96600064,2,1,5291.596
96665600,2,1,6126.528
96731136,2,1,6022.0994
96796672,2,1,6038.2916
96862208,2,1,5743.473
96927744,2,1,6131.2382
96993280,2,1,6306.1468
97058816,2,1,5970.4668
97124352,2,1,5975.5112
97189888,2,1,6306.7798
97255424,2,1,6225.8274
97320960,2,1,6331.5962
97386496,2,1,5367.6058
97452032,2,1,6312.2828
97517568,2,1,5899.9464
97583104,2,1,5859.0932
97648640,2,1,5853.7786
97714176,2,1,6015.016
97779712,2,1,6111.9786
97845248,2,1,6081.4394
97910784,2,1,6270.214
97976320,2,1,6082.425
98041856,2,1,6350.7636
98107392,2,1,6329.459
98172928,2,1,5753.7764
98238464,2,1,5830.8556
98304000,2,1,5635.7742
98369536,2,1,6127.0208
98435072,2,1,6385.0816
98500608,2,1,6076.234
98566144,2,1,6164.470
98631680,2,1,5645.2178
98697216,2,1,6165.0136
98762752,2,1,6421.3954
98828288,2,1,6153.0732
98893824,2,1,6168.3158
98959360,2,1,6076.2718
99024896,2,1,6227.0836
99090432,2,1,6443.502
99155968,2,1,5809.2736
99221504,2,1,6182.7812
99287040,2,1,5710.1086
99352576,2,1,6242.433
99418112,2,1,6098.0188
99483648,2,1,5697.112
99549184,2,1,6320.2892
99614720,2,1,6427.1894
99680256,2,1,6167.6316
99745792,2,1,6222.5258
99811328,2,1,6449.3614
99876864,2,1,6471.0658
99942400,2,1,6056.7844
100007936,2,1,5717.7658
100073472,2,1,6258.7104
100139008,2,1,6486.6376
100204544,2,1,6221.214
100270080,2,1,5745.9728
100335616,2,1,5994.2236
100401152,2,1,6495.5642
100466688,2,1,6536.3498
100532224,2,1,6519.6156
100597760,2,1,6234.6774
100663296,2,1,6523.8294
100728832,2,1,6522.5244
100794368,2,1,6275.3556
100859904,2,1,6541.7342
100925440,2,1,6229.1492
100990976,2,1,6444.1006
101056512,2,1,6372.836
101122048,2,1,6411.0684
101187584,2,1,6572.9346
101253120,2,1,6032.7504
101318656,2,1,6306.2722
101384192,2,1,5625.6156
101449728,2,1,5798.8632
101515264,2,1,6067.8798
101580800,2,1,5627.7776
101646336,2,1,6038.6514
101711872,2,1,6001.0734
101777408,2,1,6110.6492
101842944,2,1,6056.1296
101908480,2,1,6359.0702
101974016,2,1,6162.7296
102039552,2,1,6358.8364
102105088,2,1,6627.4234
102170624,2,1,6618.0714
102236160,2,1,5344.8186
102301696,2,1,6569.9136
102367232,2,1,6137.8194
102432768,2,1,6131.9854
102498304,2,1,6567.231
102563840,2,1,6342.1048
102629376,2,1,6658.4326
102694912,2,1,6670.9808
102760448,2,1,6663.1292
102825984,2,1,6660.1528
102891520,2,1,6687.021
102957056,2,1,6438.4776
103022592,2,1,6613.121
103088128,2,1,6421.7678
103153664,2,1,6510.503
103219200,2,1,5941.8022
103284736,2,1,6437.1146
103350272,2,1,6689.7776
103415808,2,1,5998.3056
103481344,2,1,6180.9742
103546880,2,1,6570.9974
103612416,2,1,6661.9482
103677952,2,1,6454.0428
103743488,2,1,6755.4296
103809024,2,1,6370.2344
103874560,2,1,5763.7402
103940096,2,1,6715.267
104005632,2,1,6771.4062
104071168,2,1,6663.838
104136704,2,1,6266.9896
104202240,2,1,6508.1264
104267776,2,1,6774.5514
104333312,2,1,6025.1722
104398848,2,1,6767.0918
104464384,2,1,6513.1132
104529920,2,1,6520.1092
104595456,2,1,6382.857
104660992,2,1,6538.0218
104726528,2,1,5758.136
104792064,2,1,6758.069
104857600,2,1,6014.1996
104923136,2,1,6293.935
104988672,2,1,6534.1834
105054208,2,1,6702.6642
105119744,2,1,6832.7198
105185280,2,1,6845.6602
105250816,2,1,6827.8624
105316352,2,1,6827.7664
105381888,2,1,6770.5058
105447424,2,1,6859.5592
105512960,2,1,6306.3078
105578496,2,1,6575.6176
105644032,2,1,6865.1088
105709568,2,1,6881.0222
105775104,2,1,6601.1974
105840640,2,1,6697.5026
105906176,2,1,6878.9384
105971712,2,1,6588.698
106037248,2,1,6396.8128
106102784,2,1,6432.9274
106168320,2,1,6159.164
106233856,2,1,6463.0068
106299392,2,1,6895.393
106364928,2,1,6761.4564
106430464,2,1,6890.874
106496000,2,1,6342.7338
106561536,2,1,6900.2526
106627072,2,1,6656.8582
106692608,2,1,6928.6772
106758144,2,1,6588.877
106823680,2,1,6112.9668
106889216,2,1,6953.5062
106954752,2,1,6931.7658
107020288,2,1,6912.5558
107085824,2,1,6354.8998
107151360,2,1,6656.9094
107216896,2,1,6957.7778
107282432,2,1,6990.149
107347968,2,1,6322.0784
107413504,2,1,6701.1144
107479040,2,1,6996.3694
107544576,2,1,6989.4294
107610112,2,1,6353.5762
107675648,2,1,6588.5742
107741184,2,1,7017.010
107806720,2,1,6993.9218
107872256,2,1,6714.0784
107937792,2,1,7010.9462
108003328,2,1,6323.6666
108068864,2,1,6398.7424
108134400,2,1,7032.7194
108199936,2,1,6928.4072
108265472,2,1,5836.5138
108331008,2,1,6486.2948
108396544,2,1,6302.702
108462080,2,1,6741.6874
108527616,2,1,6188.7236
108593152,2,1,6979.2022
108658688,2,1,7052.7778
108724224,2,1,6924.4288
108789760,2,1,7069.013
108855296,2,1,6774.0266
108920832,2,1,6312.6946
108986368,2,1,7089.7814
109051904,2,1,6853.8832
109117440,2,1,7088.8246
109182976,2,1,6664.5118
109248512,2,1,6349.919
109314048,2,1,6804.3704
109379584,2,1,7025.765
109445120,2,1,6527.9188
109510656,2,1,7077.0466
109576192,2,1,7102.3542
109641728,2,1,6626.6276
109707264,2,1,6567.3456
109772800,2,1,6937.906
109838336,2,1,6403.2438
109903872,2,1,6685.7748
109969408,2,1,6602.7774
110034944,2,1,6832.1882
110100480,2,1,7155.228
110166016,2,1,7173.7208
110231552,2,1,7143.0234
110297088,2,1,7110.7978
110362624,2,1,7036.0684
110428160,2,1,6344.9022
110493696,2,1,7139.8098
110559232,2,1,7170.7118
110624768,2,1,7193.9492
110690304,2,1,6089.3396
110755840,2,1,7195.9312
110821376,2,1,6905.8024
110886912,2,1,6996.6096
110952448,2,1,6941.4688
111017984,2,1,7229.6558
111083520,2,1,6610.3264
111149056,2,1,7073.4546
111214592,2,1,7230.478
111280128,2,1,6377.9226
111345664,2,1,7213.4394
111411200,2,1,7238.7582
111476736,2,1,6678.8574
111542272,2,1,6601.134
111607808,2,1,6405.818
111673344,2,1,7253.7704
111738880,2,1,7191.8064
111804416,2,1,7277.7082
111869952,2,1,6928.5446
111935488,2,1,6724.172
112001024,2,1,7048.2462
112066560,2,1,6813.1882
112132096,2,1,6714.916
112197632,2,1,5942.0518
112263168,2,1,6933.567
112328704,2,1,7293.1232
112394240,2,1,7153.6516
112459776,2,1,6979.3674
112525312,2,1,7070.8674
112590848,2,1,6760.5736
112656384,2,1,6586.8824
112721920,2,1,7255.9294
112787456,2,1,7283.2142
112852992,2,1,7334.778
112918528,2,1,7137.5052
112984064,2,1,7213.7914
113049600,2,1,6766.172
113115136,2,1,6546.0648
113180672,2,1,6781.6344
113246208,2,1,7262.9546
113311744,2,1,7071.532
113377280,2,1,6884.1498
113442816,2,1,6856.6036
113508352,2,1,7250.0678
113573888,2,1,7348.6262
113639424,2,1,7357.4604
113704960,2,1,6684.9132
113770496,2,1,7389.9626
113836032,2,1,7410.5198
113901568,2,1,7396.355
113967104,2,1,6877.7874
114032640,2,1,7424.2448
114098176,2,1,7417.1784
114163712,2,1,6986.0176
114229248,2,1,7423.433
114294784,2,1,7417.9138
114360320,2,1,6672.0722
114425856,2,1,7407.0952
114491392,2,1,7272.7222
114556928,2,1,6773.7962
114622464,2,1,7459.3592
114688000,2,1,7163.5136
114753536,2,1,6856.060
114819072,2,1,7379.1024
114884608,2,1,6585.236
114950144,2,1,7401.7156
115015680,2,1,6929.6222
115081216,2,1,6907.829
115146752,2,1,7123.5986
115212288,2,1,7185.6176
115277824,2,1,6805.2444
115343360,2,1,6707.9134
115408896,2,1,7504.1004
115474432,2,1,6933.0942
115539968,2,1,6779.3392
115605504,2,1,7217.9776
115671040,2,1,7128.4688
115736576,2,1,7022.8746
115802112,2,1,6949.1566
115867648,2,1,7252.2506
115933184,2,1,6716.1006
115998720,2,1,6761.5482
116064256,2,1,7246.541
116129792,2,1,7280.5798
116195328,2,1,7271.0402
116260864,2,1,6962.304
116326400,2,1,6977.6034
116391936,2,1,7555.3674
116457472,2,1,7533.0348
116523008,2,1,7284.5714
116588544,2,1,7592.9422
116654080,2,1,7163.5474
116719616,2,1,7130.4132
116785152,2,1,7526.9384
116850688,2,1,7610.5348
116916224,2,1,7138.387
116981760,2,1,6643.2294
117047296,2,1,7605.3474
117112832,2,1,7424.5916
117178368,2,1,7620.7678
117243904,2,1,7606.441
117309440,2,1,6258.3064
117374976,2,1,7436.1888
117440512,2,1,7629.5206
117506048,2,1,7239.7068
117571584,2,1,6876.9862
117637120,2,1,7640.9192
117702656,2,1,7620.6372
117768192,2,1,7262.0034
117833728,2,1,7665.2824
117899264,2,1,7070.435
117964800,2,1,7148.2432
118030336,2,1,7466.564
118095872,2,1,7161.3988
118161408,2,1,6898.7352
118226944,2,1,7370.9502
118292480,2,1,7461.2338
118358016,2,1,7663.939
118423552,2,1,7234.835
118489088,2,1,7361.3208
118554624,2,1,7723.1312
118620160,2,1,7243.9334
118685696,2,1,7695.4332
118751232,2,1,7434.8078
118816768,2,1,7688.3296
118882304,2,1,6696.7716
118947840,2,1,6920.2688
119013376,2,1,7348.3604
119078912,2,1,7761.7806
119144448,2,1,7203.7806
119209984,2,1,7474.284
119275520,2,1,7160.0562
119341056,2,1,7343.4702
119406592,2,1,7194.1494
119472128,2,1,6984.0996
119537664,2,1,6663.604
119603200,2,1,6861.4942
119668736,2,1,6896.9314
119734272,2,1,7756.8204
119799808,2,1,7738.6586
119865344,2,1,7787.3922
119930880,2,1,7796.4946
119996416,2,1,7797.9508
120061952,2,1,7331.1788
120127488,2,1,6590.3714
120193024,2,1,6994.5922
120258560,2,1,6557.1322
120324096,2,1,7222.3788
120389632,2,1,6598.5826
120455168,2,1,7243.9358
120520704,2,1,6895.988
120586240,2,1,7330.4502
120651776,2,1,7524.6064
120717312,2,1,6840.950
120782848,2,1,7875.1178
120848384,2,1,7215.3664
120913920,2,1,7857.7822
120979456,2,1,7197.799
121044992,2,1,6940.4164
121110528,2,1,7572.8044
121176064,2,1,7872.2084
121241600,2,1,7216.8376
121307136,2,1,7532.0842
121372672,2,1,7877.0366
121438208,2,1,7800.6814
121503744,2,1,7164.8392
121569280,2,1,7366.9868
121634816,2,1,7799.9668
121700352,2,1,7852.6842
121765888,2,1,7910.9386
121831424,2,1,7472.4224
121896960,2,1,7772.7268
121962496,2,1,7949.7934
122028032,2,1,7647.7192
122093568,2,1,7689.896
122159104,2,1,6387.5424
122224640,2,1,6484.126
122290176,2,1,6983.3442
122355712,2,1,7950.0432
122421248,2,1,7968.2544
122486784,2,1,7980.4792
122552320,2,1,7642.992
122617856,2,1,7348.257
122683392,2,1,7968.0022
122748928,2,1,7992.1364
122814464,2,1,7987.9706
122880000,2,1,7350.8642
122945536,2,1,7468.1912
123011072,2,1,7849.3372
123076608,2,1,7733.8254
123142144,2,1,7443.4722
123207680,2,1,7207.2864
123273216,2,1,7988.966
123338752,2,1,7075.7762
123404288,2,1,7599.586
123469824,2,1,7131.9416
123535360,2,1,8016.6008
123600896,2,1,7917.1222
123666432,2,1,7576.0022
123731968,2,1,8008.6558
123797504,2,1,6939.3658
123863040,2,1,7829.5144
123928576,2,1,7579.0746
123994112,2,1,7118.201
124059648,2,1,8057.9678
124125184,2,1,7644.9198
124190720,2,1,7347.2448
124256256,2,1,7732.0676
124321792,2,1,7938.9302
124387328,2,1,8008.5434
124452864,2,1,7736.927
124518400,2,1,7753.8358
124583936,2,1,7822.4668
124649472,2,1,7447.8696
124715008,2,1,7478.8356
124780544,2,1,7255.4572
124846080,2,1,7591.2478
124911616,2,1,7174.1098
124977152,2,1,8133.6176
125042688,2,1,7496.1822
125108224,2,1,8145.8064
125173760,2,1,7977.7004
125239296,2,1,7833.8064
125304832,2,1,8090.3518
125370368,2,1,7611.066
125435904,2,1,7519.0518
125501440,2,1,8173.4028
125566976,2,1,8141.7134
125632512,2,1,7839.5032
125698048,2,1,7095.6828
125763584,2,1,8054.700
125829120,2,1,8178.6654
125894656,2,1,7805.3394
125960192,2,1,7555.3158
126025728,2,1,8218.0318
126091264,2,1,7270.5396
126156800,2,1,8214.336
126222336,2,1,8080.8148
126287872,2,1,7575.7658
126353408,2,1,8240.7184
126418944,2,1,8224.4228
126484480,2,1,7373.6194
126550016,2,1,7514.2616
126615552,2,1,8058.225
126681088,2,1,8010.9242
126746624,2,1,8227.1404
126812160,2,1,7902.5064
126877696,2,1,7937.7822
126943232,2,1,7356.563
127008768,2,1,8022.2452
127074304,2,1,8248.6434
127139840,2,1,8249.7862
127205376,2,1,7809.6208
127270912,2,1,8260.7876
127336448,2,1,8298.7086
127401984,2,1,8259.7804
127467520,2,1,8238.689
127533056,2,1,8275.0432
127598592,2,1,7570.3464
127664128,2,1,7342.739
127729664,2,1,8322.7124
127795200,2,1,7367.8208
127860736,2,1,7611.3328
127926272,2,1,8329.936
127991808,2,1,8323.3484
128057344,2,1,7732.4696
128122880,2,1,7186.0698
128188416,2,1,7811.081
128253952,2,1,6795.840
128319488,2,1,8085.7158
128385024,2,1,8286.4036
128450560,2,1,8348.2888
128516096,2,1,8191.393
128581632,2,1,8343.607
128647168,2,1,8370.152
128712704,2,1,8377.3138
128778240,2,1,7948.4608
128843776,2,1,8341.5254
128909312,2,1,8389.4438
128974848,2,1,7745.7424
129040384,2,1,8397.1722
129105920,2,1,8395.368
129171456,2,1,8407.898
129236992,2,1,7739.4212
129302528,2,1,7965.219
129368064,2,1,8433.3262
129433600,2,1,8408.3054
129499136,2,1,7891.3716
129564672,2,1,7106.436
129630208,2,1,7624.4946
129695744,2,1,8449.0332
129761280,2,1,8135.1622
129826816,2,1,7544.7642
129892352,2,1,7931.808
129957888,2,1,8283.2578
130023424,2,1,8458.0032
130088960,2,1,8121.562
130154496,2,1,8366.6482
130220032,2,1,8363.2734
130285568,2,1,8108.3238
130351104,2,1,7188.2012
130416640,2,1,8333.858
130482176,2,1,8500.679
130547712,2,1,7849.2464
130613248,2,1,8483.005
130678784,2,1,7607.5096
130744320,2,1,8477.843
130809856,2,1,8501.7384
130875392,2,1,8086.604
130940928,2,1,7723.1908
131006464,2,1,8545.082
131072000,2,1,8233.9164
131137536,2,1,8174.7796
131203072,2,1,8191.1724
131268608,2,1,8366.4006
131334144,2,1,8554.7056
131399680,2,1,8533.8728
131465216,2,1,7527.5712
131530752,2,1,8566.5944
131596288,2,1,7771.3082
131661824,2,1,7573.741
131727360,2,1,7989.3358
131792896,2,1,8568.8658
131858432,2,1,8592.1784
131923968,2,1,7887.4402
131989504,2,1,8496.7536
132055040,2,1,8274.377
132120576,2,1,8101.140
132186112,2,1,8081.198
132251648,2,1,7507.882
132317184,2,1,8610.8188
132382720,2,1,8588.639
132448256,2,1,8616.4148
132513792,2,1,8284.1138
132579328,2,1,8156.320
132644864,2,1,8487.2544
132710400,2,1,8210.2012
132775936,2,1,8302.605
132841472,2,1,8634.6736
132907008,2,1,8663.6358
132972544,2,1,7926.1144
133038080,2,1,8295.2984
133103616,2,1,8594.9192
133169152,2,1,8585.552
133234688,2,1,8482.6902
133300224,2,1,8299.914
133365760,2,1,8691.3218
133431296,2,1,8663.341
133496832,2,1,8303.0026
133562368,2,1,8240.8176
133627904,2,1,8706.7406
133693440,2,1,8714.5638
133758976,2,1,8720.2816
133824512,2,1,7689.3394
133890048,2,1,8710.478
133955584,2,1,8737.1126
134021120,2,1,8667.7628
134086656,2,1,8355.8582
134152192,2,1,8506.5148
134217728,2,1,7895.651
